name,postal,geometry,ref_lon,ref_lat
Florida,FL,"c(-80.75, 25.25)",-80.75,25.25
Florida,FL,"c(-81.25, 25.75)",-81.25,25.75
Florida,FL,"c(-80.75, 25.75)",-80.75,25.75
Florida,FL,"c(-80.25, 25.75)",-80.25,25.75
Texas,TX,"c(-98.25, 26.25)",-98.25,26.25
Texas,TX,"c(-97.75, 26.25)",-97.75,26.25
Florida,FL,"c(-81.75, 26.25)",-81.75,26.25
Florida,FL,"c(-81.25, 26.25)",-81.25,26.25
Florida,FL,"c(-80.75, 26.25)",-80.75,26.25
Florida,FL,"c(-80.25, 26.25)",-80.25,26.25
Texas,TX,"c(-98.75, 26.75)",-98.75,26.75
Texas,TX,"c(-98.25, 26.75)",-98.25,26.75
Texas,TX,"c(-97.75, 26.75)",-97.75,26.75
Florida,FL,"c(-81.75, 26.75)",-81.75,26.75
Florida,FL,"c(-81.25, 26.75)",-81.25,26.75
Florida,FL,"c(-80.75, 26.75)",-80.75,26.75
Florida,FL,"c(-80.25, 26.75)",-80.25,26.75
Texas,TX,"c(-99.25, 27.25)",-99.25,27.25
Texas,TX,"c(-98.75, 27.25)",-98.75,27.25
Texas,TX,"c(-98.25, 27.25)",-98.25,27.25
Texas,TX,"c(-97.75, 27.25)",-97.75,27.25
Florida,FL,"c(-82.25, 27.25)",-82.25,27.25
Florida,FL,"c(-81.75, 27.25)",-81.75,27.25
Florida,FL,"c(-81.25, 27.25)",-81.25,27.25
Florida,FL,"c(-80.75, 27.25)",-80.75,27.25
Florida,FL,"c(-80.25, 27.25)",-80.25,27.25
Texas,TX,"c(-99.75, 27.75)",-99.75,27.75
Texas,TX,"c(-99.25, 27.75)",-99.25,27.75
Texas,TX,"c(-98.75, 27.75)",-98.75,27.75
Texas,TX,"c(-98.25, 27.75)",-98.25,27.75
Texas,TX,"c(-97.75, 27.75)",-97.75,27.75
Florida,FL,"c(-82.25, 27.75)",-82.25,27.75
Florida,FL,"c(-81.75, 27.75)",-81.75,27.75
Florida,FL,"c(-81.25, 27.75)",-81.25,27.75
Florida,FL,"c(-80.75, 27.75)",-80.75,27.75
Texas,TX,"c(-99.75, 28.25)",-99.75,28.25
Texas,TX,"c(-99.25, 28.25)",-99.25,28.25
Texas,TX,"c(-98.75, 28.25)",-98.75,28.25
Texas,TX,"c(-98.25, 28.25)",-98.25,28.25
Texas,TX,"c(-97.75, 28.25)",-97.75,28.25
Texas,TX,"c(-97.25, 28.25)",-97.25,28.25
Florida,FL,"c(-82.25, 28.25)",-82.25,28.25
Florida,FL,"c(-81.75, 28.25)",-81.75,28.25
Florida,FL,"c(-81.25, 28.25)",-81.25,28.25
Florida,FL,"c(-80.75, 28.25)",-80.75,28.25
Texas,TX,"c(-100.25, 28.75)",-100.25,28.75
Texas,TX,"c(-99.75, 28.75)",-99.75,28.75
Texas,TX,"c(-99.25, 28.75)",-99.25,28.75
Texas,TX,"c(-98.75, 28.75)",-98.75,28.75
Texas,TX,"c(-98.25, 28.75)",-98.25,28.75
Texas,TX,"c(-97.75, 28.75)",-97.75,28.75
Texas,TX,"c(-97.25, 28.75)",-97.25,28.75
Texas,TX,"c(-96.75, 28.75)",-96.75,28.75
Texas,TX,"c(-96.25, 28.75)",-96.25,28.75
Texas,TX,"c(-95.75, 28.75)",-95.75,28.75
Florida,FL,"c(-82.25, 28.75)",-82.25,28.75
Florida,FL,"c(-81.75, 28.75)",-81.75,28.75
Florida,FL,"c(-81.25, 28.75)",-81.25,28.75
Florida,FL,"c(-80.75, 28.75)",-80.75,28.75
Texas,TX,"c(-103.75, 29.25)",-103.75,29.25
Texas,TX,"c(-103.25, 29.25)",-103.25,29.25
Texas,TX,"c(-100.75, 29.25)",-100.75,29.25
Texas,TX,"c(-100.25, 29.25)",-100.25,29.25
Texas,TX,"c(-99.75, 29.25)",-99.75,29.25
Texas,TX,"c(-99.25, 29.25)",-99.25,29.25
Texas,TX,"c(-98.75, 29.25)",-98.75,29.25
Texas,TX,"c(-98.25, 29.25)",-98.25,29.25
Texas,TX,"c(-97.75, 29.25)",-97.75,29.25
Texas,TX,"c(-97.25, 29.25)",-97.25,29.25
Texas,TX,"c(-96.75, 29.25)",-96.75,29.25
Texas,TX,"c(-96.25, 29.25)",-96.25,29.25
Texas,TX,"c(-95.75, 29.25)",-95.75,29.25
Texas,TX,"c(-95.25, 29.25)",-95.25,29.25
Florida,FL,"c(-82.75, 29.25)",-82.75,29.25
Florida,FL,"c(-82.25, 29.25)",-82.25,29.25
Florida,FL,"c(-81.75, 29.25)",-81.75,29.25
Florida,FL,"c(-81.25, 29.25)",-81.25,29.25
Texas,TX,"c(-104.25, 29.75)",-104.25,29.75
Texas,TX,"c(-103.75, 29.75)",-103.75,29.75
Texas,TX,"c(-103.25, 29.75)",-103.25,29.75
Texas,TX,"c(-102.75, 29.75)",-102.75,29.75
Texas,TX,"c(-101.25, 29.75)",-101.25,29.75
Texas,TX,"c(-100.75, 29.75)",-100.75,29.75
Texas,TX,"c(-100.25, 29.75)",-100.25,29.75
Texas,TX,"c(-99.75, 29.75)",-99.75,29.75
Texas,TX,"c(-99.25, 29.75)",-99.25,29.75
Texas,TX,"c(-98.75, 29.75)",-98.75,29.75
Texas,TX,"c(-98.25, 29.75)",-98.25,29.75
Texas,TX,"c(-97.75, 29.75)",-97.75,29.75
Texas,TX,"c(-97.25, 29.75)",-97.25,29.75
Texas,TX,"c(-96.75, 29.75)",-96.75,29.75
Texas,TX,"c(-96.25, 29.75)",-96.25,29.75
Texas,TX,"c(-95.75, 29.75)",-95.75,29.75
Texas,TX,"c(-95.25, 29.75)",-95.25,29.75
Texas,TX,"c(-94.25, 29.75)",-94.25,29.75
Florida,FL,"c(-85.25, 29.75)",-85.25,29.75
Florida,FL,"c(-83.25, 29.75)",-83.25,29.75
Florida,FL,"c(-82.75, 29.75)",-82.75,29.75
Florida,FL,"c(-82.25, 29.75)",-82.25,29.75
Florida,FL,"c(-81.75, 29.75)",-81.75,29.75
Florida,FL,"c(-81.25, 29.75)",-81.25,29.75
Texas,TX,"c(-104.25, 30.25)",-104.25,30.25
Texas,TX,"c(-103.75, 30.25)",-103.75,30.25
Texas,TX,"c(-103.25, 30.25)",-103.25,30.25
Texas,TX,"c(-102.75, 30.25)",-102.75,30.25
Texas,TX,"c(-102.25, 30.25)",-102.25,30.25
Texas,TX,"c(-101.75, 30.25)",-101.75,30.25
Texas,TX,"c(-101.25, 30.25)",-101.25,30.25
Texas,TX,"c(-100.75, 30.25)",-100.75,30.25
Texas,TX,"c(-100.25, 30.25)",-100.25,30.25
Texas,TX,"c(-99.75, 30.25)",-99.75,30.25
Texas,TX,"c(-99.25, 30.25)",-99.25,30.25
Texas,TX,"c(-98.75, 30.25)",-98.75,30.25
Texas,TX,"c(-98.25, 30.25)",-98.25,30.25
Texas,TX,"c(-97.75, 30.25)",-97.75,30.25
Texas,TX,"c(-97.25, 30.25)",-97.25,30.25
Texas,TX,"c(-96.75, 30.25)",-96.75,30.25
Texas,TX,"c(-96.25, 30.25)",-96.25,30.25
Texas,TX,"c(-95.75, 30.25)",-95.75,30.25
Texas,TX,"c(-95.25, 30.25)",-95.25,30.25
Texas,TX,"c(-94.75, 30.25)",-94.75,30.25
Texas,TX,"c(-94.25, 30.25)",-94.25,30.25
Texas,TX,"c(-93.75, 30.25)",-93.75,30.25
Florida,FL,"c(-85.25, 30.25)",-85.25,30.25
Florida,FL,"c(-84.75, 30.25)",-84.75,30.25
Florida,FL,"c(-84.25, 30.25)",-84.25,30.25
Florida,FL,"c(-83.75, 30.25)",-83.75,30.25
Florida,FL,"c(-83.25, 30.25)",-83.25,30.25
Florida,FL,"c(-82.75, 30.25)",-82.75,30.25
Florida,FL,"c(-82.25, 30.25)",-82.25,30.25
Florida,FL,"c(-81.75, 30.25)",-81.75,30.25
Texas,TX,"c(-104.75, 30.75)",-104.75,30.75
Texas,TX,"c(-104.25, 30.75)",-104.25,30.75
Texas,TX,"c(-103.75, 30.75)",-103.75,30.75
Texas,TX,"c(-103.25, 30.75)",-103.25,30.75
Texas,TX,"c(-102.75, 30.75)",-102.75,30.75
Texas,TX,"c(-102.25, 30.75)",-102.25,30.75
Texas,TX,"c(-101.75, 30.75)",-101.75,30.75
Texas,TX,"c(-101.25, 30.75)",-101.25,30.75
Texas,TX,"c(-100.75, 30.75)",-100.75,30.75
Texas,TX,"c(-100.25, 30.75)",-100.25,30.75
Texas,TX,"c(-99.75, 30.75)",-99.75,30.75
Texas,TX,"c(-99.25, 30.75)",-99.25,30.75
Texas,TX,"c(-98.75, 30.75)",-98.75,30.75
Texas,TX,"c(-98.25, 30.75)",-98.25,30.75
Texas,TX,"c(-97.75, 30.75)",-97.75,30.75
Texas,TX,"c(-97.25, 30.75)",-97.25,30.75
Texas,TX,"c(-96.75, 30.75)",-96.75,30.75
Texas,TX,"c(-96.25, 30.75)",-96.25,30.75
Texas,TX,"c(-95.75, 30.75)",-95.75,30.75
Texas,TX,"c(-95.25, 30.75)",-95.25,30.75
Texas,TX,"c(-94.75, 30.75)",-94.75,30.75
Texas,TX,"c(-94.25, 30.75)",-94.25,30.75
Texas,TX,"c(-93.75, 30.75)",-93.75,30.75
Florida,FL,"c(-87.25, 30.75)",-87.25,30.75
Florida,FL,"c(-86.75, 30.75)",-86.75,30.75
Florida,FL,"c(-86.25, 30.75)",-86.25,30.75
Florida,FL,"c(-85.75, 30.75)",-85.75,30.75
Florida,FL,"c(-85.25, 30.75)",-85.25,30.75
Georgia,GA,"c(-84.75, 30.75)",-84.75,30.75
Georgia,GA,"c(-84.25, 30.75)",-84.25,30.75
Georgia,GA,"c(-83.75, 30.75)",-83.75,30.75
Georgia,GA,"c(-83.25, 30.75)",-83.25,30.75
Georgia,GA,"c(-82.75, 30.75)",-82.75,30.75
Georgia,GA,"c(-82.25, 30.75)",-82.25,30.75
Florida,FL,"c(-81.75, 30.75)",-81.75,30.75
Texas,TX,"c(-105.75, 31.25)",-105.75,31.25
Texas,TX,"c(-105.25, 31.25)",-105.25,31.25
Texas,TX,"c(-104.75, 31.25)",-104.75,31.25
Texas,TX,"c(-104.25, 31.25)",-104.25,31.25
Texas,TX,"c(-103.75, 31.25)",-103.75,31.25
Texas,TX,"c(-103.25, 31.25)",-103.25,31.25
Texas,TX,"c(-102.75, 31.25)",-102.75,31.25
Texas,TX,"c(-102.25, 31.25)",-102.25,31.25
Texas,TX,"c(-101.75, 31.25)",-101.75,31.25
Texas,TX,"c(-101.25, 31.25)",-101.25,31.25
Texas,TX,"c(-100.75, 31.25)",-100.75,31.25
Texas,TX,"c(-100.25, 31.25)",-100.25,31.25
Texas,TX,"c(-99.75, 31.25)",-99.75,31.25
Texas,TX,"c(-99.25, 31.25)",-99.25,31.25
Texas,TX,"c(-98.75, 31.25)",-98.75,31.25
Texas,TX,"c(-98.25, 31.25)",-98.25,31.25
Texas,TX,"c(-97.75, 31.25)",-97.75,31.25
Texas,TX,"c(-97.25, 31.25)",-97.25,31.25
Texas,TX,"c(-96.75, 31.25)",-96.75,31.25
Texas,TX,"c(-96.25, 31.25)",-96.25,31.25
Texas,TX,"c(-95.75, 31.25)",-95.75,31.25
Texas,TX,"c(-95.25, 31.25)",-95.25,31.25
Texas,TX,"c(-94.75, 31.25)",-94.75,31.25
Texas,TX,"c(-94.25, 31.25)",-94.25,31.25
Texas,TX,"c(-93.75, 31.25)",-93.75,31.25
Georgia,GA,"c(-84.75, 31.25)",-84.75,31.25
Georgia,GA,"c(-84.25, 31.25)",-84.25,31.25
Georgia,GA,"c(-83.75, 31.25)",-83.75,31.25
Georgia,GA,"c(-83.25, 31.25)",-83.25,31.25
Georgia,GA,"c(-82.75, 31.25)",-82.75,31.25
Georgia,GA,"c(-82.25, 31.25)",-82.25,31.25
Georgia,GA,"c(-81.75, 31.25)",-81.75,31.25
Arizona,AZ,"c(-112.25, 31.75)",-112.25,31.75
Arizona,AZ,"c(-111.75, 31.75)",-111.75,31.75
Arizona,AZ,"c(-111.25, 31.75)",-111.25,31.75
Arizona,AZ,"c(-110.75, 31.75)",-110.75,31.75
Arizona,AZ,"c(-110.25, 31.75)",-110.25,31.75
Arizona,AZ,"c(-109.75, 31.75)",-109.75,31.75
Arizona,AZ,"c(-109.25, 31.75)",-109.25,31.75
Texas,TX,"c(-106.25, 31.75)",-106.25,31.75
Texas,TX,"c(-105.75, 31.75)",-105.75,31.75
Texas,TX,"c(-105.25, 31.75)",-105.25,31.75
Texas,TX,"c(-104.75, 31.75)",-104.75,31.75
Texas,TX,"c(-104.25, 31.75)",-104.25,31.75
Texas,TX,"c(-103.75, 31.75)",-103.75,31.75
Texas,TX,"c(-103.25, 31.75)",-103.25,31.75
Texas,TX,"c(-102.75, 31.75)",-102.75,31.75
Texas,TX,"c(-102.25, 31.75)",-102.25,31.75
Texas,TX,"c(-101.75, 31.75)",-101.75,31.75
Texas,TX,"c(-101.25, 31.75)",-101.25,31.75
Texas,TX,"c(-100.75, 31.75)",-100.75,31.75
Texas,TX,"c(-100.25, 31.75)",-100.25,31.75
Texas,TX,"c(-99.75, 31.75)",-99.75,31.75
Texas,TX,"c(-99.25, 31.75)",-99.25,31.75
Texas,TX,"c(-98.75, 31.75)",-98.75,31.75
Texas,TX,"c(-98.25, 31.75)",-98.25,31.75
Texas,TX,"c(-97.75, 31.75)",-97.75,31.75
Texas,TX,"c(-97.25, 31.75)",-97.25,31.75
Texas,TX,"c(-96.75, 31.75)",-96.75,31.75
Texas,TX,"c(-96.25, 31.75)",-96.25,31.75
Texas,TX,"c(-95.75, 31.75)",-95.75,31.75
Texas,TX,"c(-95.25, 31.75)",-95.25,31.75
Texas,TX,"c(-94.75, 31.75)",-94.75,31.75
Texas,TX,"c(-94.25, 31.75)",-94.25,31.75
Georgia,GA,"c(-84.75, 31.75)",-84.75,31.75
Georgia,GA,"c(-84.25, 31.75)",-84.25,31.75
Georgia,GA,"c(-83.75, 31.75)",-83.75,31.75
Georgia,GA,"c(-83.25, 31.75)",-83.25,31.75
Georgia,GA,"c(-82.75, 31.75)",-82.75,31.75
Georgia,GA,"c(-82.25, 31.75)",-82.25,31.75
Georgia,GA,"c(-81.75, 31.75)",-81.75,31.75
Arizona,AZ,"c(-113.75, 32.25)",-113.75,32.25
Arizona,AZ,"c(-113.25, 32.25)",-113.25,32.25
Arizona,AZ,"c(-112.75, 32.25)",-112.75,32.25
Arizona,AZ,"c(-112.25, 32.25)",-112.25,32.25
Arizona,AZ,"c(-111.75, 32.25)",-111.75,32.25
Arizona,AZ,"c(-111.25, 32.25)",-111.25,32.25
Arizona,AZ,"c(-110.75, 32.25)",-110.75,32.25
Arizona,AZ,"c(-110.25, 32.25)",-110.25,32.25
Arizona,AZ,"c(-109.75, 32.25)",-109.75,32.25
Arizona,AZ,"c(-109.25, 32.25)",-109.25,32.25
Texas,TX,"c(-102.75, 32.25)",-102.75,32.25
Texas,TX,"c(-102.25, 32.25)",-102.25,32.25
Texas,TX,"c(-101.75, 32.25)",-101.75,32.25
Texas,TX,"c(-101.25, 32.25)",-101.25,32.25
Texas,TX,"c(-100.75, 32.25)",-100.75,32.25
Texas,TX,"c(-100.25, 32.25)",-100.25,32.25
Texas,TX,"c(-99.75, 32.25)",-99.75,32.25
Texas,TX,"c(-99.25, 32.25)",-99.25,32.25
Texas,TX,"c(-98.75, 32.25)",-98.75,32.25
Texas,TX,"c(-98.25, 32.25)",-98.25,32.25
Texas,TX,"c(-97.75, 32.25)",-97.75,32.25
Texas,TX,"c(-97.25, 32.25)",-97.25,32.25
Texas,TX,"c(-96.75, 32.25)",-96.75,32.25
Texas,TX,"c(-96.25, 32.25)",-96.25,32.25
Texas,TX,"c(-95.75, 32.25)",-95.75,32.25
Texas,TX,"c(-95.25, 32.25)",-95.25,32.25
Texas,TX,"c(-94.75, 32.25)",-94.75,32.25
Texas,TX,"c(-94.25, 32.25)",-94.25,32.25
Georgia,GA,"c(-84.75, 32.25)",-84.75,32.25
Georgia,GA,"c(-84.25, 32.25)",-84.25,32.25
Georgia,GA,"c(-83.75, 32.25)",-83.75,32.25
Georgia,GA,"c(-83.25, 32.25)",-83.25,32.25
Georgia,GA,"c(-82.75, 32.25)",-82.75,32.25
Georgia,GA,"c(-82.25, 32.25)",-82.25,32.25
Georgia,GA,"c(-81.75, 32.25)",-81.75,32.25
Georgia,GA,"c(-81.25, 32.25)",-81.25,32.25
California,CA,"c(-117.25, 32.75)",-117.25,32.75
California,CA,"c(-116.75, 32.75)",-116.75,32.75
California,CA,"c(-116.25, 32.75)",-116.25,32.75
California,CA,"c(-115.75, 32.75)",-115.75,32.75
California,CA,"c(-115.25, 32.75)",-115.25,32.75
California,CA,"c(-114.75, 32.75)",-114.75,32.75
Arizona,AZ,"c(-114.25, 32.75)",-114.25,32.75
Arizona,AZ,"c(-113.75, 32.75)",-113.75,32.75
Arizona,AZ,"c(-113.25, 32.75)",-113.25,32.75
Arizona,AZ,"c(-112.75, 32.75)",-112.75,32.75
Arizona,AZ,"c(-112.25, 32.75)",-112.25,32.75
Arizona,AZ,"c(-111.75, 32.75)",-111.75,32.75
Arizona,AZ,"c(-111.25, 32.75)",-111.25,32.75
Arizona,AZ,"c(-110.75, 32.75)",-110.75,32.75
Arizona,AZ,"c(-110.25, 32.75)",-110.25,32.75
Arizona,AZ,"c(-109.75, 32.75)",-109.75,32.75
Arizona,AZ,"c(-109.25, 32.75)",-109.25,32.75
Texas,TX,"c(-102.75, 32.75)",-102.75,32.75
Texas,TX,"c(-102.25, 32.75)",-102.25,32.75
Texas,TX,"c(-101.75, 32.75)",-101.75,32.75
Texas,TX,"c(-101.25, 32.75)",-101.25,32.75
Texas,TX,"c(-100.75, 32.75)",-100.75,32.75
Texas,TX,"c(-100.25, 32.75)",-100.25,32.75
Texas,TX,"c(-99.75, 32.75)",-99.75,32.75
Texas,TX,"c(-99.25, 32.75)",-99.25,32.75
Texas,TX,"c(-98.75, 32.75)",-98.75,32.75
Texas,TX,"c(-98.25, 32.75)",-98.25,32.75
Texas,TX,"c(-97.75, 32.75)",-97.75,32.75
Texas,TX,"c(-97.25, 32.75)",-97.25,32.75
Texas,TX,"c(-96.75, 32.75)",-96.75,32.75
Texas,TX,"c(-96.25, 32.75)",-96.25,32.75
Texas,TX,"c(-95.75, 32.75)",-95.75,32.75
Texas,TX,"c(-95.25, 32.75)",-95.25,32.75
Texas,TX,"c(-94.75, 32.75)",-94.75,32.75
Texas,TX,"c(-94.25, 32.75)",-94.25,32.75
Georgia,GA,"c(-84.75, 32.75)",-84.75,32.75
Georgia,GA,"c(-84.25, 32.75)",-84.25,32.75
Georgia,GA,"c(-83.75, 32.75)",-83.75,32.75
Georgia,GA,"c(-83.25, 32.75)",-83.25,32.75
Georgia,GA,"c(-82.75, 32.75)",-82.75,32.75
Georgia,GA,"c(-82.25, 32.75)",-82.25,32.75
Georgia,GA,"c(-81.75, 32.75)",-81.75,32.75
California,CA,"c(-117.25, 33.25)",-117.25,33.25
California,CA,"c(-116.75, 33.25)",-116.75,33.25
California,CA,"c(-116.25, 33.25)",-116.25,33.25
California,CA,"c(-115.75, 33.25)",-115.75,33.25
California,CA,"c(-115.25, 33.25)",-115.25,33.25
California,CA,"c(-114.75, 33.25)",-114.75,33.25
Arizona,AZ,"c(-114.25, 33.25)",-114.25,33.25
Arizona,AZ,"c(-113.75, 33.25)",-113.75,33.25
Arizona,AZ,"c(-113.25, 33.25)",-113.25,33.25
Arizona,AZ,"c(-112.75, 33.25)",-112.75,33.25
Arizona,AZ,"c(-112.25, 33.25)",-112.25,33.25
Arizona,AZ,"c(-111.75, 33.25)",-111.75,33.25
Arizona,AZ,"c(-111.25, 33.25)",-111.25,33.25
Arizona,AZ,"c(-110.75, 33.25)",-110.75,33.25
Arizona,AZ,"c(-110.25, 33.25)",-110.25,33.25
Arizona,AZ,"c(-109.75, 33.25)",-109.75,33.25
Arizona,AZ,"c(-109.25, 33.25)",-109.25,33.25
Texas,TX,"c(-102.75, 33.25)",-102.75,33.25
Texas,TX,"c(-102.25, 33.25)",-102.25,33.25
Texas,TX,"c(-101.75, 33.25)",-101.75,33.25
Texas,TX,"c(-101.25, 33.25)",-101.25,33.25
Texas,TX,"c(-100.75, 33.25)",-100.75,33.25
Texas,TX,"c(-100.25, 33.25)",-100.25,33.25
Texas,TX,"c(-99.75, 33.25)",-99.75,33.25
Texas,TX,"c(-99.25, 33.25)",-99.25,33.25
Texas,TX,"c(-98.75, 33.25)",-98.75,33.25
Texas,TX,"c(-98.25, 33.25)",-98.25,33.25
Texas,TX,"c(-97.75, 33.25)",-97.75,33.25
Texas,TX,"c(-97.25, 33.25)",-97.25,33.25
Texas,TX,"c(-96.75, 33.25)",-96.75,33.25
Texas,TX,"c(-96.25, 33.25)",-96.25,33.25
Texas,TX,"c(-95.75, 33.25)",-95.75,33.25
Texas,TX,"c(-95.25, 33.25)",-95.25,33.25
Texas,TX,"c(-94.75, 33.25)",-94.75,33.25
Texas,TX,"c(-94.25, 33.25)",-94.25,33.25
Georgia,GA,"c(-85.25, 33.25)",-85.25,33.25
Georgia,GA,"c(-84.75, 33.25)",-84.75,33.25
Georgia,GA,"c(-84.25, 33.25)",-84.25,33.25
Georgia,GA,"c(-83.75, 33.25)",-83.75,33.25
Georgia,GA,"c(-83.25, 33.25)",-83.25,33.25
Georgia,GA,"c(-82.75, 33.25)",-82.75,33.25
Georgia,GA,"c(-82.25, 33.25)",-82.25,33.25
California,CA,"c(-118.25, 33.75)",-118.25,33.75
California,CA,"c(-117.75, 33.75)",-117.75,33.75
California,CA,"c(-117.25, 33.75)",-117.25,33.75
California,CA,"c(-116.75, 33.75)",-116.75,33.75
California,CA,"c(-116.25, 33.75)",-116.25,33.75
California,CA,"c(-115.75, 33.75)",-115.75,33.75
California,CA,"c(-115.25, 33.75)",-115.25,33.75
California,CA,"c(-114.75, 33.75)",-114.75,33.75
Arizona,AZ,"c(-114.25, 33.75)",-114.25,33.75
Arizona,AZ,"c(-113.75, 33.75)",-113.75,33.75
Arizona,AZ,"c(-113.25, 33.75)",-113.25,33.75
Arizona,AZ,"c(-112.75, 33.75)",-112.75,33.75
Arizona,AZ,"c(-112.25, 33.75)",-112.25,33.75
Arizona,AZ,"c(-111.75, 33.75)",-111.75,33.75
Arizona,AZ,"c(-111.25, 33.75)",-111.25,33.75
Arizona,AZ,"c(-110.75, 33.75)",-110.75,33.75
Arizona,AZ,"c(-110.25, 33.75)",-110.25,33.75
Arizona,AZ,"c(-109.75, 33.75)",-109.75,33.75
Arizona,AZ,"c(-109.25, 33.75)",-109.25,33.75
Texas,TX,"c(-102.75, 33.75)",-102.75,33.75
Texas,TX,"c(-102.25, 33.75)",-102.25,33.75
Texas,TX,"c(-101.75, 33.75)",-101.75,33.75
Texas,TX,"c(-101.25, 33.75)",-101.25,33.75
Texas,TX,"c(-100.75, 33.75)",-100.75,33.75
Texas,TX,"c(-100.25, 33.75)",-100.25,33.75
Texas,TX,"c(-99.75, 33.75)",-99.75,33.75
Texas,TX,"c(-99.25, 33.75)",-99.25,33.75
Texas,TX,"c(-98.75, 33.75)",-98.75,33.75
Texas,TX,"c(-98.25, 33.75)",-98.25,33.75
Texas,TX,"c(-97.75, 33.75)",-97.75,33.75
Texas,TX,"c(-97.25, 33.75)",-97.25,33.75
Texas,TX,"c(-96.75, 33.75)",-96.75,33.75
Texas,TX,"c(-96.25, 33.75)",-96.25,33.75
Texas,TX,"c(-95.75, 33.75)",-95.75,33.75
Texas,TX,"c(-95.25, 33.75)",-95.25,33.75
Georgia,GA,"c(-85.25, 33.75)",-85.25,33.75
Georgia,GA,"c(-84.75, 33.75)",-84.75,33.75
Georgia,GA,"c(-84.25, 33.75)",-84.25,33.75
Georgia,GA,"c(-83.75, 33.75)",-83.75,33.75
Georgia,GA,"c(-83.25, 33.75)",-83.25,33.75
Georgia,GA,"c(-82.75, 33.75)",-82.75,33.75
Georgia,GA,"c(-82.25, 33.75)",-82.25,33.75
California,CA,"c(-119.25, 34.25)",-119.25,34.25
California,CA,"c(-118.75, 34.25)",-118.75,34.25
California,CA,"c(-118.25, 34.25)",-118.25,34.25
California,CA,"c(-117.75, 34.25)",-117.75,34.25
California,CA,"c(-117.25, 34.25)",-117.25,34.25
California,CA,"c(-116.75, 34.25)",-116.75,34.25
California,CA,"c(-116.25, 34.25)",-116.25,34.25
California,CA,"c(-115.75, 34.25)",-115.75,34.25
California,CA,"c(-115.25, 34.25)",-115.25,34.25
California,CA,"c(-114.75, 34.25)",-114.75,34.25
California,CA,"c(-114.25, 34.25)",-114.25,34.25
Arizona,AZ,"c(-113.75, 34.25)",-113.75,34.25
Arizona,AZ,"c(-113.25, 34.25)",-113.25,34.25
Arizona,AZ,"c(-112.75, 34.25)",-112.75,34.25
Arizona,AZ,"c(-112.25, 34.25)",-112.25,34.25
Arizona,AZ,"c(-111.75, 34.25)",-111.75,34.25
Arizona,AZ,"c(-111.25, 34.25)",-111.25,34.25
Arizona,AZ,"c(-110.75, 34.25)",-110.75,34.25
Arizona,AZ,"c(-110.25, 34.25)",-110.25,34.25
Arizona,AZ,"c(-109.75, 34.25)",-109.75,34.25
Arizona,AZ,"c(-109.25, 34.25)",-109.25,34.25
Texas,TX,"c(-102.75, 34.25)",-102.75,34.25
Texas,TX,"c(-102.25, 34.25)",-102.25,34.25
Texas,TX,"c(-101.75, 34.25)",-101.75,34.25
Texas,TX,"c(-101.25, 34.25)",-101.25,34.25
Texas,TX,"c(-100.75, 34.25)",-100.75,34.25
Texas,TX,"c(-100.25, 34.25)",-100.25,34.25
Texas,TX,"c(-99.75, 34.25)",-99.75,34.25
Texas,TX,"c(-99.25, 34.25)",-99.25,34.25
Georgia,GA,"c(-85.25, 34.25)",-85.25,34.25
Georgia,GA,"c(-84.75, 34.25)",-84.75,34.25
Georgia,GA,"c(-84.25, 34.25)",-84.25,34.25
Georgia,GA,"c(-83.75, 34.25)",-83.75,34.25
Georgia,GA,"c(-83.25, 34.25)",-83.25,34.25
Georgia,GA,"c(-82.75, 34.25)",-82.75,34.25
North Carolina,NC,"c(-78.75, 34.25)",-78.75,34.25
North Carolina,NC,"c(-78.25, 34.25)",-78.25,34.25
California,CA,"c(-120.25, 34.75)",-120.25,34.75
California,CA,"c(-119.75, 34.75)",-119.75,34.75
California,CA,"c(-119.25, 34.75)",-119.25,34.75
California,CA,"c(-118.75, 34.75)",-118.75,34.75
California,CA,"c(-118.25, 34.75)",-118.25,34.75
California,CA,"c(-117.75, 34.75)",-117.75,34.75
California,CA,"c(-117.25, 34.75)",-117.25,34.75
California,CA,"c(-116.75, 34.75)",-116.75,34.75
California,CA,"c(-116.25, 34.75)",-116.25,34.75
California,CA,"c(-115.75, 34.75)",-115.75,34.75
California,CA,"c(-115.25, 34.75)",-115.25,34.75
California,CA,"c(-114.75, 34.75)",-114.75,34.75
Arizona,AZ,"c(-114.25, 34.75)",-114.25,34.75
Arizona,AZ,"c(-113.75, 34.75)",-113.75,34.75
Arizona,AZ,"c(-113.25, 34.75)",-113.25,34.75
Arizona,AZ,"c(-112.75, 34.75)",-112.75,34.75
Arizona,AZ,"c(-112.25, 34.75)",-112.25,34.75
Arizona,AZ,"c(-111.75, 34.75)",-111.75,34.75
Arizona,AZ,"c(-111.25, 34.75)",-111.25,34.75
Arizona,AZ,"c(-110.75, 34.75)",-110.75,34.75
Arizona,AZ,"c(-110.25, 34.75)",-110.25,34.75
Arizona,AZ,"c(-109.75, 34.75)",-109.75,34.75
Arizona,AZ,"c(-109.25, 34.75)",-109.25,34.75
Texas,TX,"c(-102.75, 34.75)",-102.75,34.75
Texas,TX,"c(-102.25, 34.75)",-102.25,34.75
Texas,TX,"c(-101.75, 34.75)",-101.75,34.75
Texas,TX,"c(-101.25, 34.75)",-101.25,34.75
Texas,TX,"c(-100.75, 34.75)",-100.75,34.75
Texas,TX,"c(-100.25, 34.75)",-100.25,34.75
Georgia,GA,"c(-85.25, 34.75)",-85.25,34.75
Georgia,GA,"c(-84.75, 34.75)",-84.75,34.75
Georgia,GA,"c(-84.25, 34.75)",-84.25,34.75
Georgia,GA,"c(-83.75, 34.75)",-83.75,34.75
North Carolina,NC,"c(-79.25, 34.75)",-79.25,34.75
North Carolina,NC,"c(-78.75, 34.75)",-78.75,34.75
North Carolina,NC,"c(-78.25, 34.75)",-78.25,34.75
North Carolina,NC,"c(-77.75, 34.75)",-77.75,34.75
North Carolina,NC,"c(-77.25, 34.75)",-77.25,34.75
North Carolina,NC,"c(-76.75, 34.75)",-76.75,34.75
California,CA,"c(-120.75, 35.25)",-120.75,35.25
California,CA,"c(-120.25, 35.25)",-120.25,35.25
California,CA,"c(-119.75, 35.25)",-119.75,35.25
California,CA,"c(-119.25, 35.25)",-119.25,35.25
California,CA,"c(-118.75, 35.25)",-118.75,35.25
California,CA,"c(-118.25, 35.25)",-118.25,35.25
California,CA,"c(-117.75, 35.25)",-117.75,35.25
California,CA,"c(-117.25, 35.25)",-117.25,35.25
California,CA,"c(-116.75, 35.25)",-116.75,35.25
California,CA,"c(-116.25, 35.25)",-116.25,35.25
California,CA,"c(-115.75, 35.25)",-115.75,35.25
California,CA,"c(-115.25, 35.25)",-115.25,35.25
Arizona,AZ,"c(-114.25, 35.25)",-114.25,35.25
Arizona,AZ,"c(-113.75, 35.25)",-113.75,35.25
Arizona,AZ,"c(-113.25, 35.25)",-113.25,35.25
Arizona,AZ,"c(-112.75, 35.25)",-112.75,35.25
Arizona,AZ,"c(-112.25, 35.25)",-112.25,35.25
Arizona,AZ,"c(-111.75, 35.25)",-111.75,35.25
Arizona,AZ,"c(-111.25, 35.25)",-111.25,35.25
Arizona,AZ,"c(-110.75, 35.25)",-110.75,35.25
Arizona,AZ,"c(-110.25, 35.25)",-110.25,35.25
Arizona,AZ,"c(-109.75, 35.25)",-109.75,35.25
Arizona,AZ,"c(-109.25, 35.25)",-109.25,35.25
Texas,TX,"c(-102.75, 35.25)",-102.75,35.25
Texas,TX,"c(-102.25, 35.25)",-102.25,35.25
Texas,TX,"c(-101.75, 35.25)",-101.75,35.25
Texas,TX,"c(-101.25, 35.25)",-101.25,35.25
Texas,TX,"c(-100.75, 35.25)",-100.75,35.25
Texas,TX,"c(-100.25, 35.25)",-100.25,35.25
North Carolina,NC,"c(-84.25, 35.25)",-84.25,35.25
North Carolina,NC,"c(-83.75, 35.25)",-83.75,35.25
North Carolina,NC,"c(-83.25, 35.25)",-83.25,35.25
North Carolina,NC,"c(-82.75, 35.25)",-82.75,35.25
North Carolina,NC,"c(-82.25, 35.25)",-82.25,35.25
North Carolina,NC,"c(-81.75, 35.25)",-81.75,35.25
North Carolina,NC,"c(-81.25, 35.25)",-81.25,35.25
North Carolina,NC,"c(-80.75, 35.25)",-80.75,35.25
North Carolina,NC,"c(-80.25, 35.25)",-80.25,35.25
North Carolina,NC,"c(-79.75, 35.25)",-79.75,35.25
North Carolina,NC,"c(-79.25, 35.25)",-79.25,35.25
North Carolina,NC,"c(-78.75, 35.25)",-78.75,35.25
North Carolina,NC,"c(-78.25, 35.25)",-78.25,35.25
North Carolina,NC,"c(-77.75, 35.25)",-77.75,35.25
North Carolina,NC,"c(-77.25, 35.25)",-77.25,35.25
North Carolina,NC,"c(-76.75, 35.25)",-76.75,35.25
California,CA,"c(-121.25, 35.75)",-121.25,35.75
California,CA,"c(-120.75, 35.75)",-120.75,35.75
California,CA,"c(-120.25, 35.75)",-120.25,35.75
California,CA,"c(-119.75, 35.75)",-119.75,35.75
California,CA,"c(-119.25, 35.75)",-119.25,35.75
California,CA,"c(-118.75, 35.75)",-118.75,35.75
California,CA,"c(-118.25, 35.75)",-118.25,35.75
California,CA,"c(-117.75, 35.75)",-117.75,35.75
California,CA,"c(-117.25, 35.75)",-117.25,35.75
California,CA,"c(-116.75, 35.75)",-116.75,35.75
California,CA,"c(-116.25, 35.75)",-116.25,35.75
California,CA,"c(-115.75, 35.75)",-115.75,35.75
Arizona,AZ,"c(-114.25, 35.75)",-114.25,35.75
Arizona,AZ,"c(-113.75, 35.75)",-113.75,35.75
Arizona,AZ,"c(-113.25, 35.75)",-113.25,35.75
Arizona,AZ,"c(-112.75, 35.75)",-112.75,35.75
Arizona,AZ,"c(-112.25, 35.75)",-112.25,35.75
Arizona,AZ,"c(-111.75, 35.75)",-111.75,35.75
Arizona,AZ,"c(-111.25, 35.75)",-111.25,35.75
Arizona,AZ,"c(-110.75, 35.75)",-110.75,35.75
Arizona,AZ,"c(-110.25, 35.75)",-110.25,35.75
Arizona,AZ,"c(-109.75, 35.75)",-109.75,35.75
Arizona,AZ,"c(-109.25, 35.75)",-109.25,35.75
Texas,TX,"c(-102.75, 35.75)",-102.75,35.75
Texas,TX,"c(-102.25, 35.75)",-102.25,35.75
Texas,TX,"c(-101.75, 35.75)",-101.75,35.75
Texas,TX,"c(-101.25, 35.75)",-101.25,35.75
Texas,TX,"c(-100.75, 35.75)",-100.75,35.75
Texas,TX,"c(-100.25, 35.75)",-100.25,35.75
North Carolina,NC,"c(-82.75, 35.75)",-82.75,35.75
North Carolina,NC,"c(-82.25, 35.75)",-82.25,35.75
North Carolina,NC,"c(-81.75, 35.75)",-81.75,35.75
North Carolina,NC,"c(-81.25, 35.75)",-81.25,35.75
North Carolina,NC,"c(-80.75, 35.75)",-80.75,35.75
North Carolina,NC,"c(-80.25, 35.75)",-80.25,35.75
North Carolina,NC,"c(-79.75, 35.75)",-79.75,35.75
North Carolina,NC,"c(-79.25, 35.75)",-79.25,35.75
North Carolina,NC,"c(-78.75, 35.75)",-78.75,35.75
North Carolina,NC,"c(-78.25, 35.75)",-78.25,35.75
North Carolina,NC,"c(-77.75, 35.75)",-77.75,35.75
North Carolina,NC,"c(-77.25, 35.75)",-77.25,35.75
North Carolina,NC,"c(-76.75, 35.75)",-76.75,35.75
North Carolina,NC,"c(-76.25, 35.75)",-76.25,35.75
North Carolina,NC,"c(-75.75, 35.75)",-75.75,35.75
California,CA,"c(-121.75, 36.25)",-121.75,36.25
California,CA,"c(-121.25, 36.25)",-121.25,36.25
California,CA,"c(-120.75, 36.25)",-120.75,36.25
California,CA,"c(-120.25, 36.25)",-120.25,36.25
California,CA,"c(-119.75, 36.25)",-119.75,36.25
California,CA,"c(-119.25, 36.25)",-119.25,36.25
California,CA,"c(-118.75, 36.25)",-118.75,36.25
California,CA,"c(-118.25, 36.25)",-118.25,36.25
California,CA,"c(-117.75, 36.25)",-117.75,36.25
California,CA,"c(-117.25, 36.25)",-117.25,36.25
California,CA,"c(-116.75, 36.25)",-116.75,36.25
California,CA,"c(-116.25, 36.25)",-116.25,36.25
Arizona,AZ,"c(-113.75, 36.25)",-113.75,36.25
Arizona,AZ,"c(-113.25, 36.25)",-113.25,36.25
Arizona,AZ,"c(-112.75, 36.25)",-112.75,36.25
Arizona,AZ,"c(-112.25, 36.25)",-112.25,36.25
Arizona,AZ,"c(-111.75, 36.25)",-111.75,36.25
Arizona,AZ,"c(-111.25, 36.25)",-111.25,36.25
Arizona,AZ,"c(-110.75, 36.25)",-110.75,36.25
Arizona,AZ,"c(-110.25, 36.25)",-110.25,36.25
Arizona,AZ,"c(-109.75, 36.25)",-109.75,36.25
Arizona,AZ,"c(-109.25, 36.25)",-109.25,36.25
Texas,TX,"c(-102.75, 36.25)",-102.75,36.25
Texas,TX,"c(-102.25, 36.25)",-102.25,36.25
Texas,TX,"c(-101.75, 36.25)",-101.75,36.25
Texas,TX,"c(-101.25, 36.25)",-101.25,36.25
Texas,TX,"c(-100.75, 36.25)",-100.75,36.25
Texas,TX,"c(-100.25, 36.25)",-100.25,36.25
North Carolina,NC,"c(-81.75, 36.25)",-81.75,36.25
North Carolina,NC,"c(-81.25, 36.25)",-81.25,36.25
North Carolina,NC,"c(-80.75, 36.25)",-80.75,36.25
North Carolina,NC,"c(-80.25, 36.25)",-80.25,36.25
North Carolina,NC,"c(-79.75, 36.25)",-79.75,36.25
North Carolina,NC,"c(-79.25, 36.25)",-79.25,36.25
North Carolina,NC,"c(-78.75, 36.25)",-78.75,36.25
North Carolina,NC,"c(-78.25, 36.25)",-78.25,36.25
North Carolina,NC,"c(-77.75, 36.25)",-77.75,36.25
North Carolina,NC,"c(-77.25, 36.25)",-77.25,36.25
North Carolina,NC,"c(-76.75, 36.25)",-76.75,36.25
North Carolina,NC,"c(-76.25, 36.25)",-76.25,36.25
California,CA,"c(-121.75, 36.75)",-121.75,36.75
California,CA,"c(-121.25, 36.75)",-121.25,36.75
California,CA,"c(-120.75, 36.75)",-120.75,36.75
California,CA,"c(-120.25, 36.75)",-120.25,36.75
California,CA,"c(-119.75, 36.75)",-119.75,36.75
California,CA,"c(-119.25, 36.75)",-119.25,36.75
California,CA,"c(-118.75, 36.75)",-118.75,36.75
California,CA,"c(-118.25, 36.75)",-118.25,36.75
California,CA,"c(-117.75, 36.75)",-117.75,36.75
California,CA,"c(-117.25, 36.75)",-117.25,36.75
Arizona,AZ,"c(-113.75, 36.75)",-113.75,36.75
Arizona,AZ,"c(-113.25, 36.75)",-113.25,36.75
Arizona,AZ,"c(-112.75, 36.75)",-112.75,36.75
Arizona,AZ,"c(-112.25, 36.75)",-112.25,36.75
Arizona,AZ,"c(-111.75, 36.75)",-111.75,36.75
Arizona,AZ,"c(-111.25, 36.75)",-111.25,36.75
Arizona,AZ,"c(-110.75, 36.75)",-110.75,36.75
Arizona,AZ,"c(-110.25, 36.75)",-110.25,36.75
Arizona,AZ,"c(-109.75, 36.75)",-109.75,36.75
Arizona,AZ,"c(-109.25, 36.75)",-109.25,36.75
California,CA,"c(-122.25, 37.25)",-122.25,37.25
California,CA,"c(-121.75, 37.25)",-121.75,37.25
California,CA,"c(-121.25, 37.25)",-121.25,37.25
California,CA,"c(-120.75, 37.25)",-120.75,37.25
California,CA,"c(-120.25, 37.25)",-120.25,37.25
California,CA,"c(-119.75, 37.25)",-119.75,37.25
California,CA,"c(-119.25, 37.25)",-119.25,37.25
California,CA,"c(-118.75, 37.25)",-118.75,37.25
California,CA,"c(-118.25, 37.25)",-118.25,37.25
California,CA,"c(-117.75, 37.25)",-117.75,37.25
California,CA,"c(-121.75, 37.75)",-121.75,37.75
California,CA,"c(-121.25, 37.75)",-121.25,37.75
California,CA,"c(-120.75, 37.75)",-120.75,37.75
California,CA,"c(-120.25, 37.75)",-120.25,37.75
California,CA,"c(-119.75, 37.75)",-119.75,37.75
California,CA,"c(-119.25, 37.75)",-119.25,37.75
California,CA,"c(-118.75, 37.75)",-118.75,37.75
California,CA,"c(-118.25, 37.75)",-118.25,37.75
California,CA,"c(-122.75, 38.25)",-122.75,38.25
California,CA,"c(-122.25, 38.25)",-122.25,38.25
California,CA,"c(-121.75, 38.25)",-121.75,38.25
California,CA,"c(-121.25, 38.25)",-121.25,38.25
California,CA,"c(-120.75, 38.25)",-120.75,38.25
California,CA,"c(-120.25, 38.25)",-120.25,38.25
California,CA,"c(-119.75, 38.25)",-119.75,38.25
California,CA,"c(-119.25, 38.25)",-119.25,38.25
California,CA,"c(-123.25, 38.75)",-123.25,38.75
California,CA,"c(-122.75, 38.75)",-122.75,38.75
California,CA,"c(-122.25, 38.75)",-122.25,38.75
California,CA,"c(-121.75, 38.75)",-121.75,38.75
California,CA,"c(-121.25, 38.75)",-121.25,38.75
California,CA,"c(-120.75, 38.75)",-120.75,38.75
California,CA,"c(-120.25, 38.75)",-120.25,38.75
California,CA,"c(-119.75, 38.75)",-119.75,38.75
California,CA,"c(-123.75, 39.25)",-123.75,39.25
California,CA,"c(-123.25, 39.25)",-123.25,39.25
California,CA,"c(-122.75, 39.25)",-122.75,39.25
California,CA,"c(-122.25, 39.25)",-122.25,39.25
California,CA,"c(-121.75, 39.25)",-121.75,39.25
California,CA,"c(-121.25, 39.25)",-121.25,39.25
California,CA,"c(-120.75, 39.25)",-120.75,39.25
California,CA,"c(-120.25, 39.25)",-120.25,39.25
New Jersey,NJ,"c(-74.75, 39.25)",-74.75,39.25
California,CA,"c(-123.75, 39.75)",-123.75,39.75
California,CA,"c(-123.25, 39.75)",-123.25,39.75
California,CA,"c(-122.75, 39.75)",-122.75,39.75
California,CA,"c(-122.25, 39.75)",-122.25,39.75
California,CA,"c(-121.75, 39.75)",-121.75,39.75
California,CA,"c(-121.25, 39.75)",-121.25,39.75
California,CA,"c(-120.75, 39.75)",-120.75,39.75
California,CA,"c(-120.25, 39.75)",-120.25,39.75
New Jersey,NJ,"c(-75.25, 39.75)",-75.25,39.75
New Jersey,NJ,"c(-74.75, 39.75)",-74.75,39.75
New Jersey,NJ,"c(-74.25, 39.75)",-74.25,39.75
California,CA,"c(-124.25, 40.25)",-124.25,40.25
California,CA,"c(-123.75, 40.25)",-123.75,40.25
California,CA,"c(-123.25, 40.25)",-123.25,40.25
California,CA,"c(-122.75, 40.25)",-122.75,40.25
California,CA,"c(-122.25, 40.25)",-122.25,40.25
California,CA,"c(-121.75, 40.25)",-121.75,40.25
California,CA,"c(-121.25, 40.25)",-121.25,40.25
California,CA,"c(-120.75, 40.25)",-120.75,40.25
California,CA,"c(-120.25, 40.25)",-120.25,40.25
New Jersey,NJ,"c(-74.75, 40.25)",-74.75,40.25
New Jersey,NJ,"c(-74.25, 40.25)",-74.25,40.25
California,CA,"c(-123.75, 40.75)",-123.75,40.75
California,CA,"c(-123.25, 40.75)",-123.25,40.75
California,CA,"c(-122.75, 40.75)",-122.75,40.75
California,CA,"c(-122.25, 40.75)",-122.25,40.75
California,CA,"c(-121.75, 40.75)",-121.75,40.75
California,CA,"c(-121.25, 40.75)",-121.25,40.75
California,CA,"c(-120.75, 40.75)",-120.75,40.75
California,CA,"c(-120.25, 40.75)",-120.25,40.75
Iowa,IA,"c(-95.75, 40.75)",-95.75,40.75
Iowa,IA,"c(-95.25, 40.75)",-95.25,40.75
Iowa,IA,"c(-94.75, 40.75)",-94.75,40.75
Iowa,IA,"c(-94.25, 40.75)",-94.25,40.75
Iowa,IA,"c(-93.75, 40.75)",-93.75,40.75
Iowa,IA,"c(-93.25, 40.75)",-93.25,40.75
Iowa,IA,"c(-92.75, 40.75)",-92.75,40.75
Iowa,IA,"c(-92.25, 40.75)",-92.25,40.75
Iowa,IA,"c(-91.75, 40.75)",-91.75,40.75
Iowa,IA,"c(-91.25, 40.75)",-91.25,40.75
New Jersey,NJ,"c(-74.75, 40.75)",-74.75,40.75
New Jersey,NJ,"c(-74.25, 40.75)",-74.25,40.75
New York,NY,"c(-73.75, 40.75)",-73.75,40.75
New York,NY,"c(-73.25, 40.75)",-73.25,40.75
California,CA,"c(-123.75, 41.25)",-123.75,41.25
California,CA,"c(-123.25, 41.25)",-123.25,41.25
California,CA,"c(-122.75, 41.25)",-122.75,41.25
California,CA,"c(-122.25, 41.25)",-122.25,41.25
California,CA,"c(-121.75, 41.25)",-121.75,41.25
California,CA,"c(-121.25, 41.25)",-121.25,41.25
California,CA,"c(-120.75, 41.25)",-120.75,41.25
California,CA,"c(-120.25, 41.25)",-120.25,41.25
Iowa,IA,"c(-95.75, 41.25)",-95.75,41.25
Iowa,IA,"c(-95.25, 41.25)",-95.25,41.25
Iowa,IA,"c(-94.75, 41.25)",-94.75,41.25
Iowa,IA,"c(-94.25, 41.25)",-94.25,41.25
Iowa,IA,"c(-93.75, 41.25)",-93.75,41.25
Iowa,IA,"c(-93.25, 41.25)",-93.25,41.25
Iowa,IA,"c(-92.75, 41.25)",-92.75,41.25
Iowa,IA,"c(-92.25, 41.25)",-92.25,41.25
Iowa,IA,"c(-91.75, 41.25)",-91.75,41.25
Iowa,IA,"c(-91.25, 41.25)",-91.25,41.25
New Jersey,NJ,"c(-74.75, 41.25)",-74.75,41.25
New York,NY,"c(-74.25, 41.25)",-74.25,41.25
New York,NY,"c(-73.75, 41.25)",-73.75,41.25
Connecticut,CT,"c(-73.25, 41.25)",-73.25,41.25
California,CA,"c(-123.75, 41.75)",-123.75,41.75
California,CA,"c(-123.25, 41.75)",-123.25,41.75
California,CA,"c(-122.75, 41.75)",-122.75,41.75
California,CA,"c(-122.25, 41.75)",-122.25,41.75
California,CA,"c(-121.75, 41.75)",-121.75,41.75
California,CA,"c(-121.25, 41.75)",-121.25,41.75
California,CA,"c(-120.75, 41.75)",-120.75,41.75
California,CA,"c(-120.25, 41.75)",-120.25,41.75
Iowa,IA,"c(-95.75, 41.75)",-95.75,41.75
Iowa,IA,"c(-95.25, 41.75)",-95.25,41.75
Iowa,IA,"c(-94.75, 41.75)",-94.75,41.75
Iowa,IA,"c(-94.25, 41.75)",-94.25,41.75
Iowa,IA,"c(-93.75, 41.75)",-93.75,41.75
Iowa,IA,"c(-93.25, 41.75)",-93.25,41.75
Iowa,IA,"c(-92.75, 41.75)",-92.75,41.75
Iowa,IA,"c(-92.25, 41.75)",-92.25,41.75
Iowa,IA,"c(-91.75, 41.75)",-91.75,41.75
Iowa,IA,"c(-91.25, 41.75)",-91.25,41.75
Iowa,IA,"c(-90.75, 41.75)",-90.75,41.75
New York,NY,"c(-74.75, 41.75)",-74.75,41.75
New York,NY,"c(-74.25, 41.75)",-74.25,41.75
New York,NY,"c(-73.75, 41.75)",-73.75,41.75
Connecticut,CT,"c(-73.25, 41.75)",-73.25,41.75
Connecticut,CT,"c(-72.75, 41.75)",-72.75,41.75
Connecticut,CT,"c(-72.25, 41.75)",-72.25,41.75
Iowa,IA,"c(-96.25, 42.25)",-96.25,42.25
Iowa,IA,"c(-95.75, 42.25)",-95.75,42.25
Iowa,IA,"c(-95.25, 42.25)",-95.25,42.25
Iowa,IA,"c(-94.75, 42.25)",-94.75,42.25
Iowa,IA,"c(-94.25, 42.25)",-94.25,42.25
Iowa,IA,"c(-93.75, 42.25)",-93.75,42.25
Iowa,IA,"c(-93.25, 42.25)",-93.25,42.25
Iowa,IA,"c(-92.75, 42.25)",-92.75,42.25
Iowa,IA,"c(-92.25, 42.25)",-92.25,42.25
Iowa,IA,"c(-91.75, 42.25)",-91.75,42.25
Iowa,IA,"c(-91.25, 42.25)",-91.25,42.25
Iowa,IA,"c(-90.75, 42.25)",-90.75,42.25
New York,NY,"c(-79.75, 42.25)",-79.75,42.25
New York,NY,"c(-79.25, 42.25)",-79.25,42.25
New York,NY,"c(-78.75, 42.25)",-78.75,42.25
New York,NY,"c(-78.25, 42.25)",-78.25,42.25
New York,NY,"c(-77.75, 42.25)",-77.75,42.25
New York,NY,"c(-77.25, 42.25)",-77.25,42.25
New York,NY,"c(-76.75, 42.25)",-76.75,42.25
New York,NY,"c(-76.25, 42.25)",-76.25,42.25
New York,NY,"c(-75.75, 42.25)",-75.75,42.25
New York,NY,"c(-75.25, 42.25)",-75.25,42.25
New York,NY,"c(-74.75, 42.25)",-74.75,42.25
New York,NY,"c(-74.25, 42.25)",-74.25,42.25
New York,NY,"c(-73.75, 42.25)",-73.75,42.25
Iowa,IA,"c(-96.25, 42.75)",-96.25,42.75
Iowa,IA,"c(-95.75, 42.75)",-95.75,42.75
Iowa,IA,"c(-95.25, 42.75)",-95.25,42.75
Iowa,IA,"c(-94.75, 42.75)",-94.75,42.75
Iowa,IA,"c(-94.25, 42.75)",-94.25,42.75
Iowa,IA,"c(-93.75, 42.75)",-93.75,42.75
Iowa,IA,"c(-93.25, 42.75)",-93.25,42.75
Iowa,IA,"c(-92.75, 42.75)",-92.75,42.75
Iowa,IA,"c(-92.25, 42.75)",-92.25,42.75
Iowa,IA,"c(-91.75, 42.75)",-91.75,42.75
Iowa,IA,"c(-91.25, 42.75)",-91.25,42.75
Wisconsin,WI,"c(-90.75, 42.75)",-90.75,42.75
Wisconsin,WI,"c(-90.25, 42.75)",-90.25,42.75
Wisconsin,WI,"c(-89.75, 42.75)",-89.75,42.75
Wisconsin,WI,"c(-89.25, 42.75)",-89.25,42.75
Wisconsin,WI,"c(-88.75, 42.75)",-88.75,42.75
Wisconsin,WI,"c(-88.25, 42.75)",-88.25,42.75
New York,NY,"c(-78.75, 42.75)",-78.75,42.75
New York,NY,"c(-78.25, 42.75)",-78.25,42.75
New York,NY,"c(-77.75, 42.75)",-77.75,42.75
New York,NY,"c(-77.25, 42.75)",-77.25,42.75
New York,NY,"c(-76.75, 42.75)",-76.75,42.75
New York,NY,"c(-76.25, 42.75)",-76.25,42.75
New York,NY,"c(-75.75, 42.75)",-75.75,42.75
New York,NY,"c(-75.25, 42.75)",-75.25,42.75
New York,NY,"c(-74.75, 42.75)",-74.75,42.75
New York,NY,"c(-74.25, 42.75)",-74.25,42.75
New York,NY,"c(-73.75, 42.75)",-73.75,42.75
Iowa,IA,"c(-96.25, 43.25)",-96.25,43.25
Iowa,IA,"c(-95.75, 43.25)",-95.75,43.25
Iowa,IA,"c(-95.25, 43.25)",-95.25,43.25
Iowa,IA,"c(-94.75, 43.25)",-94.75,43.25
Iowa,IA,"c(-94.25, 43.25)",-94.25,43.25
Iowa,IA,"c(-93.75, 43.25)",-93.75,43.25
Iowa,IA,"c(-93.25, 43.25)",-93.25,43.25
Iowa,IA,"c(-92.75, 43.25)",-92.75,43.25
Iowa,IA,"c(-92.25, 43.25)",-92.25,43.25
Iowa,IA,"c(-91.75, 43.25)",-91.75,43.25
Iowa,IA,"c(-91.25, 43.25)",-91.25,43.25
Wisconsin,WI,"c(-90.75, 43.25)",-90.75,43.25
Wisconsin,WI,"c(-90.25, 43.25)",-90.25,43.25
Wisconsin,WI,"c(-89.75, 43.25)",-89.75,43.25
Wisconsin,WI,"c(-89.25, 43.25)",-89.25,43.25
Wisconsin,WI,"c(-88.75, 43.25)",-88.75,43.25
Wisconsin,WI,"c(-88.25, 43.25)",-88.25,43.25
New York,NY,"c(-78.75, 43.25)",-78.75,43.25
New York,NY,"c(-78.25, 43.25)",-78.25,43.25
New York,NY,"c(-77.75, 43.25)",-77.75,43.25
New York,NY,"c(-77.25, 43.25)",-77.25,43.25
New York,NY,"c(-76.75, 43.25)",-76.75,43.25
New York,NY,"c(-76.25, 43.25)",-76.25,43.25
New York,NY,"c(-75.75, 43.25)",-75.75,43.25
New York,NY,"c(-75.25, 43.25)",-75.25,43.25
New York,NY,"c(-74.75, 43.25)",-74.75,43.25
New York,NY,"c(-74.25, 43.25)",-74.25,43.25
New York,NY,"c(-73.75, 43.25)",-73.75,43.25
Wisconsin,WI,"c(-90.75, 43.75)",-90.75,43.75
Wisconsin,WI,"c(-90.25, 43.75)",-90.25,43.75
Wisconsin,WI,"c(-89.75, 43.75)",-89.75,43.75
Wisconsin,WI,"c(-89.25, 43.75)",-89.25,43.75
Wisconsin,WI,"c(-88.75, 43.75)",-88.75,43.75
Wisconsin,WI,"c(-88.25, 43.75)",-88.25,43.75
Wisconsin,WI,"c(-87.75, 43.75)",-87.75,43.75
New York,NY,"c(-75.75, 43.75)",-75.75,43.75
New York,NY,"c(-75.25, 43.75)",-75.25,43.75
New York,NY,"c(-74.75, 43.75)",-74.75,43.75
New York,NY,"c(-74.25, 43.75)",-74.25,43.75
New York,NY,"c(-73.75, 43.75)",-73.75,43.75
Wisconsin,WI,"c(-91.75, 44.25)",-91.75,44.25
Wisconsin,WI,"c(-91.25, 44.25)",-91.25,44.25
Wisconsin,WI,"c(-90.75, 44.25)",-90.75,44.25
Wisconsin,WI,"c(-90.25, 44.25)",-90.25,44.25
Wisconsin,WI,"c(-89.75, 44.25)",-89.75,44.25
Wisconsin,WI,"c(-89.25, 44.25)",-89.25,44.25
Wisconsin,WI,"c(-88.75, 44.25)",-88.75,44.25
Wisconsin,WI,"c(-88.25, 44.25)",-88.25,44.25
Wisconsin,WI,"c(-87.75, 44.25)",-87.75,44.25
New York,NY,"c(-75.75, 44.25)",-75.75,44.25
New York,NY,"c(-75.25, 44.25)",-75.25,44.25
New York,NY,"c(-74.75, 44.25)",-74.75,44.25
New York,NY,"c(-74.25, 44.25)",-74.25,44.25
New York,NY,"c(-73.75, 44.25)",-73.75,44.25
Wisconsin,WI,"c(-92.75, 44.75)",-92.75,44.75
Wisconsin,WI,"c(-92.25, 44.75)",-92.25,44.75
Wisconsin,WI,"c(-91.75, 44.75)",-91.75,44.75
Wisconsin,WI,"c(-91.25, 44.75)",-91.25,44.75
Wisconsin,WI,"c(-90.75, 44.75)",-90.75,44.75
Wisconsin,WI,"c(-90.25, 44.75)",-90.25,44.75
Wisconsin,WI,"c(-89.75, 44.75)",-89.75,44.75
Wisconsin,WI,"c(-89.25, 44.75)",-89.25,44.75
Wisconsin,WI,"c(-88.75, 44.75)",-88.75,44.75
Wisconsin,WI,"c(-88.25, 44.75)",-88.25,44.75
New York,NY,"c(-75.25, 44.75)",-75.25,44.75
New York,NY,"c(-74.75, 44.75)",-74.75,44.75
New York,NY,"c(-74.25, 44.75)",-74.25,44.75
New York,NY,"c(-73.75, 44.75)",-73.75,44.75
Wisconsin,WI,"c(-92.75, 45.25)",-92.75,45.25
Wisconsin,WI,"c(-92.25, 45.25)",-92.25,45.25
Wisconsin,WI,"c(-91.75, 45.25)",-91.75,45.25
Wisconsin,WI,"c(-91.25, 45.25)",-91.25,45.25
Wisconsin,WI,"c(-90.75, 45.25)",-90.75,45.25
Wisconsin,WI,"c(-90.25, 45.25)",-90.25,45.25
Wisconsin,WI,"c(-89.75, 45.25)",-89.75,45.25
Wisconsin,WI,"c(-89.25, 45.25)",-89.25,45.25
Wisconsin,WI,"c(-88.75, 45.25)",-88.75,45.25
Wisconsin,WI,"c(-88.25, 45.25)",-88.25,45.25
Wisconsin,WI,"c(-87.75, 45.25)",-87.75,45.25
Wisconsin,WI,"c(-92.75, 45.75)",-92.75,45.75
Wisconsin,WI,"c(-92.25, 45.75)",-92.25,45.75
Wisconsin,WI,"c(-91.75, 45.75)",-91.75,45.75
Wisconsin,WI,"c(-91.25, 45.75)",-91.25,45.75
Wisconsin,WI,"c(-90.75, 45.75)",-90.75,45.75
Wisconsin,WI,"c(-90.25, 45.75)",-90.25,45.75
Wisconsin,WI,"c(-89.75, 45.75)",-89.75,45.75
Wisconsin,WI,"c(-89.25, 45.75)",-89.25,45.75
Wisconsin,WI,"c(-88.75, 45.75)",-88.75,45.75
Wisconsin,WI,"c(-88.25, 45.75)",-88.25,45.75
Wisconsin,WI,"c(-92.25, 46.25)",-92.25,46.25
Wisconsin,WI,"c(-91.75, 46.25)",-91.75,46.25
Wisconsin,WI,"c(-91.25, 46.25)",-91.25,46.25
Wisconsin,WI,"c(-90.75, 46.25)",-90.75,46.25
Wisconsin,WI,"c(-90.25, 46.25)",-90.25,46.25
Wisconsin,WI,"c(-89.75, 46.25)",-89.75,46.25
Wisconsin,WI,"c(-91.25, 46.75)",-91.25,46.75
