"","Week_index","Province","MOI"
"1",836,"Beijing",NA
"2",836,"Guangdong",NA
"3",836,"Guangxi",NA
"4",836,"Guizhou",NA
"5",836,"Hunan",NA
"6",837,"Beijing",NA
"7",837,"Guangdong",NA
"8",837,"Guangxi",NA
"9",837,"Guizhou",NA
"10",837,"Hunan",NA
"11",838,"Beijing",NA
"12",838,"Guangdong",NA
"13",838,"Guangxi",NA
"14",838,"Guizhou",NA
"15",838,"Hunan",NA
"16",839,"Beijing",NA
"17",839,"Guangdong",NA
"18",839,"Guangxi",NA
"19",839,"Guizhou",NA
"20",839,"Hunan",NA
"21",840,"Beijing",NA
"22",840,"Guangdong",NA
"23",840,"Guangxi",NA
"24",840,"Guizhou",NA
"25",840,"Hunan",NA
"26",841,"Beijing",NA
"27",841,"Guangdong",NA
"28",841,"Guangxi",NA
"29",841,"Guizhou",NA
"30",841,"Hunan",NA
"31",842,"Beijing",NA
"32",842,"Guangdong",NA
"33",842,"Guangxi",NA
"34",842,"Guizhou",NA
"35",842,"Hunan",NA
"36",843,"Beijing",NA
"37",843,"Guangdong",NA
"38",843,"Guangxi",NA
"39",843,"Guizhou",NA
"40",843,"Hunan",NA
"41",844,"Beijing",NA
"42",844,"Guangdong",NA
"43",844,"Guangxi",NA
"44",844,"Guizhou",NA
"45",844,"Hunan",NA
"46",845,"Beijing",NA
"47",845,"Guangdong",1.495327103
"48",845,"Guangxi",NA
"49",845,"Guizhou",NA
"50",845,"Hunan",NA
"51",846,"Beijing",NA
"52",846,"Guangdong",1.495327103
"53",846,"Guangxi",NA
"54",846,"Guizhou",NA
"55",846,"Hunan",NA
"56",847,"Beijing",NA
"57",847,"Guangdong",1.94926568728571
"58",847,"Guangxi",NA
"59",847,"Guizhou",NA
"60",847,"Hunan",NA
"61",848,"Beijing",NA
"62",848,"Guangdong",2.130841121
"63",848,"Guangxi",NA
"64",848,"Guizhou",NA
"65",848,"Hunan",NA
"66",849,"Beijing",NA
"67",849,"Guangdong",2.45126835757143
"68",849,"Guangxi",10.87837838
"69",849,"Guizhou",NA
"70",849,"Hunan",NA
"71",850,"Beijing",NA
"72",850,"Guangdong",2.878504673
"73",850,"Guangxi",10.87837838
"74",850,"Guizhou",NA
"75",850,"Hunan",NA
"76",851,"Beijing",NA
"77",851,"Guangdong",3.14552736985714
"78",851,"Guangxi",9.98648648771428
"79",851,"Guizhou",NA
"80",851,"Hunan",NA
"81",852,"Beijing",NA
"82",852,"Guangdong",3.813084112
"83",852,"Guangxi",7.756756757
"84",852,"Guizhou",NA
"85",852,"Hunan",NA
"86",853,"Beijing",NA
"87",853,"Guangdong",4.66755674214286
"88",853,"Guangxi",8.31081081171429
"89",853,"Guizhou",5.29
"90",853,"Hunan",3.12
"91",854,"Beijing",NA
"92",854,"Guangdong",9.794392523
"93",854,"Guangxi",11.63513514
"94",854,"Guizhou",5.29
"95",854,"Hunan",3.12
"96",855,"Beijing",NA
"97",855,"Guangdong",9.794392523
"98",855,"Guangxi",11.63513514
"99",855,"Guizhou",5.29
"100",855,"Hunan",3.12
"101",856,"Beijing",NA
"102",856,"Guangdong",8.485981308
"103",856,"Guangxi",18.06756757
"104",856,"Guizhou",5.29
"105",856,"Hunan",3.12
"106",857,"Beijing",NA
"107",857,"Guangdong",8.485981308
"108",857,"Guangxi",18.06756757
"109",857,"Guizhou",5.29
"110",857,"Hunan",3.12
"111",858,"Beijing",3.74
"112",858,"Guangdong",6.64352469942857
"113",858,"Guangxi",13.2027027057143
"114",858,"Guizhou",7.09
"115",858,"Hunan",7.91285714285714
"116",859,"Beijing",3.74
"117",859,"Guangdong",5.906542056
"118",859,"Guangxi",11.25675676
"119",859,"Guizhou",7.81
"120",859,"Hunan",9.83
"121",860,"Beijing",3.74
"122",860,"Guangdong",7.10280373828571
"123",860,"Guangxi",23.0405405428571
"124",860,"Guizhou",7.81
"125",860,"Hunan",9.83
"126",861,"Beijing",3.74
"127",861,"Guangdong",8
"128",861,"Guangxi",31.87837838
"129",861,"Guizhou",7.81
"130",861,"Hunan",9.83
"131",862,"Beijing",3.66714285714286
"132",862,"Guangdong",8.72096128185714
"133",862,"Guangxi",23.1216216242857
"134",862,"Guizhou",8.26428571428571
"135",862,"Hunan",9.42714285714286
"136",863,"Beijing",3.57
"137",863,"Guangdong",9.682242991
"138",863,"Guangxi",11.44594595
"139",863,"Guizhou",8.87
"140",863,"Hunan",8.89
"141",864,"Beijing",3.57
"142",864,"Guangdong",9.148197597
"143",864,"Guangxi",13.5810810842857
"144",864,"Guizhou",8.87
"145",864,"Hunan",8.89
"146",865,"Beijing",3.57
"147",865,"Guangdong",7.813084112
"148",865,"Guangxi",18.91891892
"149",865,"Guizhou",8.87
"150",865,"Hunan",8.89
"151",866,"Beijing",3.57
"152",866,"Guangdong",7.813084112
"153",866,"Guangxi",18.91891892
"154",866,"Guizhou",8.87
"155",866,"Hunan",8.89
"156",867,"Beijing",4.87
"157",867,"Guangdong",5.943925234
"158",867,"Guangxi",11.25675676
"159",867,"Guizhou",11.03
"160",867,"Hunan",6.49
"161",868,"Beijing",4.87
"162",868,"Guangdong",5.943925234
"163",868,"Guangxi",11.25675676
"164",868,"Guizhou",11.03
"165",868,"Hunan",6.49
"166",869,"Beijing",4.87
"167",869,"Guangdong",6.20026702257143
"168",869,"Guangxi",12.9594594571429
"169",869,"Guizhou",11.03
"170",869,"Hunan",6.49
"171",870,"Beijing",4.87
"172",870,"Guangdong",6.242990654
"173",870,"Guangxi",13.24324324
"174",870,"Guizhou",11.03
"175",870,"Hunan",6.49
"176",871,"Beijing",5.44142857142857
"177",871,"Guangdong",6.09345794371429
"178",871,"Guangxi",7.72972972857143
"179",871,"Guizhou",9.89857142857143
"180",871,"Hunan",6.49
"181",872,"Beijing",5.87
"182",872,"Guangdong",5.981308411
"183",872,"Guangxi",3.594594595
"184",872,"Guizhou",9.05
"185",872,"Hunan",6.49
"186",873,"Beijing",5.87
"187",873,"Guangdong",6.41388518028571
"188",873,"Guangxi",6.22972972985714
"189",873,"Guizhou",9.05
"190",873,"Hunan",6.49
"191",874,"Beijing",5.87
"192",874,"Guangdong",6.990654206
"193",874,"Guangxi",9.743243243
"194",874,"Guizhou",9.05
"195",874,"Hunan",6.49
"196",875,"Beijing",5.87
"197",875,"Guangdong",6.14686248371429
"198",875,"Guangxi",8.33783783757143
"199",875,"Guizhou",8.10428571428571
"200",875,"Hunan",5.64142857142857
"201",876,"Beijing",NA
"202",876,"Guangdong",4.037383178
"203",876,"Guangxi",4.824324324
"204",876,"Guizhou",5.74
"205",876,"Hunan",3.52
"206",877,"Beijing",NA
"207",877,"Guangdong",4.10146862514286
"208",877,"Guangxi",4.68918918885714
"209",877,"Guizhou",5.74
"210",877,"Hunan",3.52
"211",878,"Beijing",NA
"212",878,"Guangdong",4.485981308
"213",878,"Guangxi",3.878378378
"214",878,"Guizhou",5.74
"215",878,"Hunan",3.52
"216",879,"Beijing",NA
"217",879,"Guangdong",4.485981308
"218",879,"Guangxi",3.878378378
"219",879,"Guizhou",5.74
"220",879,"Hunan",3.52
"221",880,"Beijing",NA
"222",880,"Guangdong",3.17222963942857
"223",880,"Guangxi",1.36486486485714
"224",880,"Guizhou",5.74
"225",880,"Hunan",3.52
"226",881,"Beijing",NA
"227",881,"Guangdong",2.953271028
"228",881,"Guangxi",0.945945946
"229",881,"Guizhou",NA
"230",881,"Hunan",NA
"231",882,"Beijing",NA
"232",882,"Guangdong",2.89986648871429
"233",882,"Guangxi",1.14864864885714
"234",882,"Guizhou",NA
"235",882,"Hunan",NA
"236",883,"Beijing",NA
"237",883,"Guangdong",2.878504673
"238",883,"Guangxi",1.22972973
"239",883,"Guizhou",NA
"240",883,"Hunan",NA
"241",884,"Beijing",NA
"242",884,"Guangdong",2.878504673
"243",884,"Guangxi",1.22972973
"244",884,"Guizhou",NA
"245",884,"Hunan",NA
"246",885,"Beijing",NA
"247",885,"Guangdong",NA
"248",885,"Guangxi",NA
"249",885,"Guizhou",NA
"250",885,"Hunan",NA
"251",886,"Beijing",NA
"252",886,"Guangdong",NA
"253",886,"Guangxi",NA
"254",886,"Guizhou",NA
"255",886,"Hunan",NA
"256",887,"Beijing",NA
"257",887,"Guangdong",NA
"258",887,"Guangxi",NA
"259",887,"Guizhou",NA
"260",887,"Hunan",NA
"261",888,"Beijing",NA
"262",888,"Guangdong",NA
"263",888,"Guangxi",NA
"264",888,"Guizhou",NA
"265",888,"Hunan",NA
"266",889,"Beijing",NA
"267",889,"Guangdong",NA
"268",889,"Guangxi",NA
"269",889,"Guizhou",NA
"270",889,"Hunan",NA
"271",890,"Beijing",NA
"272",890,"Guangdong",NA
"273",890,"Guangxi",NA
"274",890,"Guizhou",NA
"275",890,"Hunan",NA
"276",891,"Beijing",NA
"277",891,"Guangdong",NA
"278",891,"Guangxi",NA
"279",891,"Guizhou",NA
"280",891,"Hunan",NA
"281",892,"Beijing",NA
"282",892,"Guangdong",NA
"283",892,"Guangxi",NA
"284",892,"Guizhou",NA
"285",892,"Hunan",NA
"286",893,"Beijing",NA
"287",893,"Guangdong",NA
"288",893,"Guangxi",NA
"289",893,"Guizhou",NA
"290",893,"Hunan",NA
"291",894,"Beijing",NA
"292",894,"Guangdong",NA
"293",894,"Guangxi",NA
"294",894,"Guizhou",NA
"295",894,"Hunan",NA
"296",895,"Beijing",NA
"297",895,"Guangdong",NA
"298",895,"Guangxi",NA
"299",895,"Guizhou",NA
"300",895,"Hunan",NA
"301",896,"Beijing",NA
"302",896,"Guangdong",NA
"303",896,"Guangxi",NA
"304",896,"Guizhou",NA
"305",896,"Hunan",NA
"306",897,"Beijing",NA
"307",897,"Guangdong",1.906542056
"308",897,"Guangxi",NA
"309",897,"Guizhou",NA
"310",897,"Hunan",NA
"311",898,"Beijing",NA
"312",898,"Guangdong",1.906542056
"313",898,"Guangxi",NA
"314",898,"Guizhou",NA
"315",898,"Hunan",NA
"316",899,"Beijing",NA
"317",899,"Guangdong",2.03471295028571
"318",899,"Guangxi",NA
"319",899,"Guizhou",NA
"320",899,"Hunan",NA
"321",900,"Beijing",NA
"322",900,"Guangdong",2.130841121
"323",900,"Guangxi",NA
"324",900,"Guizhou",NA
"325",900,"Hunan",NA
"326",901,"Beijing",NA
"327",901,"Guangdong",2.60080106785714
"328",901,"Guangxi",2.932432432
"329",901,"Guizhou",NA
"330",901,"Hunan",NA
"331",902,"Beijing",NA
"332",902,"Guangdong",3.775700935
"333",902,"Guangxi",2.932432432
"334",902,"Guizhou",NA
"335",902,"Hunan",NA
"336",903,"Beijing",NA
"337",903,"Guangdong",3.75433911914286
"338",903,"Guangxi",3.02702702671429
"339",903,"Guizhou",NA
"340",903,"Hunan",NA
"341",904,"Beijing",NA
"342",904,"Guangdong",3.626168224
"343",904,"Guangxi",3.594594595
"344",904,"Guizhou",NA
"345",904,"Hunan",NA
"346",905,"Beijing",NA
"347",905,"Guangdong",3.626168224
"348",905,"Guangxi",3.594594595
"349",905,"Guizhou",NA
"350",905,"Hunan",NA
"351",906,"Beijing",NA
"352",906,"Guangdong",5.08411215
"353",906,"Guangxi",8.986486486
"354",906,"Guizhou",4.61
"355",906,"Hunan",1.35
"356",907,"Beijing",NA
"357",907,"Guangdong",5.08411215
"358",907,"Guangxi",8.986486486
"359",907,"Guizhou",4.61
"360",907,"Hunan",1.35
"361",908,"Beijing",NA
"362",908,"Guangdong",5.24432576742857
"363",908,"Guangxi",7.12162162171429
"364",908,"Guizhou",4.61
"365",908,"Hunan",1.35
"366",909,"Beijing",NA
"367",909,"Guangdong",5.271028037
"368",909,"Guangxi",6.810810811
"369",909,"Guizhou",4.61
"370",909,"Hunan",1.35
"371",910,"Beijing",2.34
"372",910,"Guangdong",5.975967957
"373",910,"Guangxi",7.67567567557143
"374",910,"Guizhou",6.31285714285714
"375",910,"Hunan",2.73285714285714
"376",911,"Beijing",2.34
"377",911,"Guangdong",6.504672897
"378",911,"Guangxi",8.324324324
"379",911,"Guizhou",7.59
"380",911,"Hunan",3.77
"381",912,"Beijing",2.34
"382",912,"Guangdong",6.39252336428571
"383",912,"Guangxi",11.8513513494286
"384",912,"Guizhou",7.59
"385",912,"Hunan",3.77
"386",913,"Beijing",2.34
"387",913,"Guangdong",6.242990654
"388",913,"Guangxi",16.55405405
"389",913,"Guizhou",7.59
"390",913,"Hunan",3.77
"391",914,"Beijing",3.8
"392",914,"Guangdong",6.20026702257143
"393",914,"Guangxi",14.4459459431429
"394",914,"Guizhou",7.54428571428571
"395",914,"Hunan",4.29
"396",915,"Beijing",7.45
"397",915,"Guangdong",6.093457944
"398",915,"Guangxi",9.175675676
"399",915,"Guizhou",7.43
"400",915,"Hunan",5.59
"401",916,"Beijing",7.45
"402",916,"Guangdong",6.14152202942857
"403",916,"Guangxi",10.3108108108571
"404",916,"Guizhou",7.43
"405",916,"Hunan",5.59
"406",917,"Beijing",7.45
"407",917,"Guangdong",6.429906542
"408",917,"Guangxi",17.12162162
"409",917,"Guizhou",7.43
"410",917,"Hunan",5.59
"411",918,"Beijing",7.45
"412",918,"Guangdong",6.429906542
"413",918,"Guangxi",17.12162162
"414",918,"Guizhou",7.43
"415",918,"Hunan",5.59
"416",919,"Beijing",10.2871428571429
"417",919,"Guangdong",6.68624833142857
"418",919,"Guangxi",8.60810810771429
"419",919,"Guizhou",5.99
"420",919,"Hunan",5.23857142857143
"421",920,"Beijing",10.76
"422",920,"Guangdong",6.728971963
"423",920,"Guangxi",7.189189189
"424",920,"Guizhou",5.75
"425",920,"Hunan",5.18
"426",921,"Beijing",10.76
"427",921,"Guangdong",6.03471295085714
"428",921,"Guangxi",9.95945946114286
"429",921,"Guizhou",5.75
"430",921,"Hunan",5.18
"431",922,"Beijing",10.76
"432",922,"Guangdong",5.757009346
"433",922,"Guangxi",11.06756757
"434",922,"Guizhou",5.75
"435",922,"Hunan",5.18
"436",923,"Beijing",7.73
"437",923,"Guangdong",5.62883845128571
"438",923,"Guangxi",9.89189189314286
"439",923,"Guizhou",5.60857142857143
"440",923,"Hunan",5.84
"441",924,"Beijing",3.69
"442",924,"Guangdong",5.457943925
"443",924,"Guangxi",8.324324324
"444",924,"Guizhou",5.42
"445",924,"Hunan",6.72
"446",925,"Beijing",3.69
"447",925,"Guangdong",6.03471295042857
"448",925,"Guangxi",10.0270270257143
"449",925,"Guizhou",5.42
"450",925,"Hunan",6.72
"451",926,"Beijing",3.69
"452",926,"Guangdong",7.476635514
"453",926,"Guangxi",14.28378378
"454",926,"Guizhou",5.42
"455",926,"Hunan",6.72
"456",927,"Beijing",3.69
"457",927,"Guangdong",7.16154873157143
"458",927,"Guangxi",12.74324324
"459",927,"Guizhou",5.23
"460",927,"Hunan",6.29714285714286
"461",928,"Beijing",NA
"462",928,"Guangdong",5.271028037
"463",928,"Guangxi",3.5
"464",928,"Guizhou",4.09
"465",928,"Hunan",3.76
"466",929,"Beijing",NA
"467",929,"Guangdong",5.271028037
"468",929,"Guangxi",3.5
"469",929,"Guizhou",4.09
"470",929,"Hunan",3.76
"471",930,"Beijing",NA
"472",930,"Guangdong",4.448598131
"473",930,"Guangxi",3.405405405
"474",930,"Guizhou",4.09
"475",930,"Hunan",3.76
"476",931,"Beijing",NA
"477",931,"Guangdong",4.448598131
"478",931,"Guangxi",3.405405405
"479",931,"Guizhou",4.09
"480",931,"Hunan",3.76
"481",932,"Beijing",NA
"482",932,"Guangdong",3.30040053385714
"483",932,"Guangxi",2.12162162142857
"484",932,"Guizhou",4.09
"485",932,"Hunan",3.76
"486",933,"Beijing",NA
"487",933,"Guangdong",2.841121495
"488",933,"Guangxi",1.608108108
"489",933,"Guizhou",NA
"490",933,"Hunan",NA
"491",934,"Beijing",NA
"492",934,"Guangdong",2.81975967957143
"493",934,"Guangxi",0.689189189142857
"494",934,"Guizhou",NA
"495",934,"Hunan",NA
"496",935,"Beijing",NA
"497",935,"Guangdong",2.803738318
"498",935,"Guangxi",0
"499",935,"Guizhou",NA
"500",935,"Hunan",NA
"501",936,"Beijing",NA
"502",936,"Guangdong",2.803738318
"503",936,"Guangxi",0
"504",936,"Guizhou",NA
"505",936,"Hunan",NA
"506",937,"Beijing",NA
"507",937,"Guangdong",NA
"508",937,"Guangxi",NA
"509",937,"Guizhou",NA
"510",937,"Hunan",NA
"511",938,"Beijing",NA
"512",938,"Guangdong",NA
"513",938,"Guangxi",NA
"514",938,"Guizhou",NA
"515",938,"Hunan",NA
"516",939,"Beijing",NA
"517",939,"Guangdong",NA
"518",939,"Guangxi",NA
"519",939,"Guizhou",NA
"520",939,"Hunan",NA
"521",940,"Beijing",NA
"522",940,"Guangdong",NA
"523",940,"Guangxi",NA
"524",940,"Guizhou",NA
"525",940,"Hunan",NA
"526",941,"Beijing",NA
"527",941,"Guangdong",NA
"528",941,"Guangxi",NA
"529",941,"Guizhou",NA
"530",941,"Hunan",NA
"531",942,"Beijing",NA
"532",942,"Guangdong",NA
"533",942,"Guangxi",NA
"534",942,"Guizhou",NA
"535",942,"Hunan",NA
"536",943,"Beijing",NA
"537",943,"Guangdong",NA
"538",943,"Guangxi",NA
"539",943,"Guizhou",NA
"540",943,"Hunan",NA
"541",944,"Beijing",NA
"542",944,"Guangdong",NA
"543",944,"Guangxi",NA
"544",944,"Guizhou",NA
"545",944,"Hunan",NA
"546",945,"Beijing",NA
"547",945,"Guangdong",NA
"548",945,"Guangxi",NA
"549",945,"Guizhou",NA
"550",945,"Hunan",NA
"551",946,"Beijing",NA
"552",946,"Guangdong",NA
"553",946,"Guangxi",NA
"554",946,"Guizhou",NA
"555",946,"Hunan",NA
"556",947,"Beijing",NA
"557",947,"Guangdong",NA
"558",947,"Guangxi",NA
"559",947,"Guizhou",NA
"560",947,"Hunan",NA
"561",948,"Beijing",NA
"562",948,"Guangdong",NA
"563",948,"Guangxi",NA
"564",948,"Guizhou",NA
"565",948,"Hunan",NA
"566",949,"Beijing",NA
"567",949,"Guangdong",2.018691589
"568",949,"Guangxi",NA
"569",949,"Guizhou",NA
"570",949,"Hunan",NA
"571",950,"Beijing",NA
"572",950,"Guangdong",2.018691589
"573",950,"Guangxi",NA
"574",950,"Guizhou",NA
"575",950,"Hunan",NA
"576",951,"Beijing",NA
"577",951,"Guangdong",2.275033378
"578",951,"Guangxi",NA
"579",951,"Guizhou",NA
"580",951,"Hunan",NA
"581",952,"Beijing",NA
"582",952,"Guangdong",2.61682243
"583",952,"Guangxi",NA
"584",952,"Guizhou",NA
"585",952,"Hunan",NA
"586",953,"Beijing",NA
"587",953,"Guangdong",2.75033377842857
"588",953,"Guangxi",2.459459459
"589",953,"Guizhou",NA
"590",953,"Hunan",NA
"591",954,"Beijing",NA
"592",954,"Guangdong",3.551401869
"593",954,"Guangxi",2.459459459
"594",954,"Guizhou",NA
"595",954,"Hunan",NA
"596",955,"Beijing",NA
"597",955,"Guangdong",3.551401869
"598",955,"Guangxi",2.459459459
"599",955,"Guizhou",NA
"600",955,"Hunan",NA
"601",956,"Beijing",NA
"602",956,"Guangdong",3.102803738
"603",956,"Guangxi",2.081081081
"604",956,"Guizhou",NA
"605",956,"Hunan",NA
"606",957,"Beijing",NA
"607",957,"Guangdong",3.102803738
"608",957,"Guangxi",2.081081081
"609",957,"Guizhou",NA
"610",957,"Hunan",NA
"611",958,"Beijing",NA
"612",958,"Guangdong",4.672897196
"613",958,"Guangxi",6.21621621585714
"614",958,"Guizhou",4.71
"615",958,"Hunan",1.44
"616",959,"Beijing",NA
"617",959,"Guangdong",4.934579439
"618",959,"Guangxi",6.905405405
"619",959,"Guizhou",4.71
"620",959,"Hunan",1.44
"621",960,"Beijing",NA
"622",960,"Guangdong",6.80373831757143
"623",960,"Guangxi",12.8513513514286
"624",960,"Guizhou",4.71
"625",960,"Hunan",1.44
"626",961,"Beijing",NA
"627",961,"Guangdong",7.551401869
"628",961,"Guangxi",15.22972973
"629",961,"Guizhou",4.71
"630",961,"Hunan",1.44
"631",962,"Beijing",1.27
"632",962,"Guangdong",6.79839786357143
"633",962,"Guangxi",13.8918918928571
"634",962,"Guizhou",5.57571428571429
"635",962,"Hunan",1.8
"636",963,"Beijing",1.27
"637",963,"Guangdong",5.794392523
"638",963,"Guangxi",12.10810811
"639",963,"Guizhou",6.73
"640",963,"Hunan",2.28
"641",964,"Beijing",1.27
"642",964,"Guangdong",5.83711615471429
"643",964,"Guangxi",11.5135135157143
"644",964,"Guizhou",6.73
"645",964,"Hunan",2.28
"646",965,"Beijing",1.27
"647",965,"Guangdong",5.943925234
"648",965,"Guangxi",10.02702703
"649",965,"Guizhou",6.73
"650",965,"Hunan",2.28
"651",966,"Beijing",1.65857142857143
"652",966,"Guangdong",6.13618157571429
"653",966,"Guangxi",9.75675675928571
"654",966,"Guizhou",7.09428571428571
"655",966,"Hunan",2.69428571428571
"656",967,"Beijing",3.99
"657",967,"Guangdong",7.289719626
"658",967,"Guangxi",8.135135135
"659",967,"Guizhou",9.28
"660",967,"Hunan",5.18
"661",968,"Beijing",3.99
"662",968,"Guangdong",7.289719626
"663",968,"Guangxi",8.135135135
"664",968,"Guizhou",9.28
"665",968,"Hunan",5.18
"666",969,"Beijing",3.99
"667",969,"Guangdong",6.841121495
"668",969,"Guangxi",5.391891892
"669",969,"Guizhou",9.28
"670",969,"Hunan",5.18
"671",970,"Beijing",3.99
"672",970,"Guangdong",6.841121495
"673",970,"Guangxi",5.391891892
"674",970,"Guizhou",9.28
"675",970,"Hunan",5.18
"676",971,"Beijing",7.36142857142857
"677",971,"Guangdong",7.21495327071429
"678",971,"Guangxi",7.55405405414286
"679",971,"Guizhou",9.08714285714286
"680",971,"Hunan",3.90857142857143
"681",972,"Beijing",8.71
"682",972,"Guangdong",7.364485981
"683",972,"Guangxi",8.418918919
"684",972,"Guizhou",9.01
"685",972,"Hunan",3.4
"686",973,"Beijing",8.71
"687",973,"Guangdong",6.95861148157143
"688",973,"Guangxi",8.85135135157143
"689",973,"Guizhou",9.01
"690",973,"Hunan",3.4
"691",974,"Beijing",8.71
"692",974,"Guangdong",6.654205607
"693",974,"Guangxi",9.175675676
"694",974,"Guizhou",9.01
"695",974,"Hunan",3.4
"696",975,"Beijing",7.61
"697",975,"Guangdong",6.846461949
"698",975,"Guangxi",8.12162162171428
"699",975,"Guizhou",8.10428571428571
"700",975,"Hunan",3.51714285714286
"701",976,"Beijing",4.86
"702",976,"Guangdong",7.327102804
"703",976,"Guangxi",5.486486486
"704",976,"Guizhou",5.84
"705",976,"Hunan",3.81
"706",977,"Beijing",4.86
"707",977,"Guangdong",7.05473965314286
"708",977,"Guangxi",5.51351351314286
"709",977,"Guizhou",5.84
"710",977,"Hunan",3.81
"711",978,"Beijing",4.86
"712",978,"Guangdong",5.420560748
"713",978,"Guangxi",5.675675676
"714",978,"Guizhou",5.84
"715",978,"Hunan",3.81
"716",979,"Beijing",4.86
"717",979,"Guangdong",5.420560748
"718",979,"Guangxi",5.675675676
"719",979,"Guizhou",5.84
"720",979,"Hunan",3.81
"721",980,"Beijing",NA
"722",980,"Guangdong",5.271028037
"723",980,"Guangxi",3.121621622
"724",980,"Guizhou",3.96
"725",980,"Hunan",0.86
"726",981,"Beijing",NA
"727",981,"Guangdong",5.271028037
"728",981,"Guangxi",3.121621622
"729",981,"Guizhou",3.96
"730",981,"Hunan",0.86
"731",982,"Beijing",NA
"732",982,"Guangdong",4.18157543385714
"733",982,"Guangxi",3.121621622
"734",982,"Guizhou",3.96
"735",982,"Hunan",0.86
"736",983,"Beijing",NA
"737",983,"Guangdong",4
"738",983,"Guangxi",3.121621622
"739",983,"Guizhou",3.96
"740",983,"Hunan",0.86
"741",984,"Beijing",NA
"742",984,"Guangdong",4.04272363142857
"743",984,"Guangxi",2.79729729742857
"744",984,"Guizhou",3.96
"745",984,"Hunan",0.86
"746",985,"Beijing",NA
"747",985,"Guangdong",4.074766355
"748",985,"Guangxi",2.554054054
"749",985,"Guizhou",NA
"750",985,"Hunan",NA
"751",986,"Beijing",NA
"752",986,"Guangdong",3.64218958614286
"753",986,"Guangxi",2.554054054
"754",986,"Guizhou",NA
"755",986,"Hunan",NA
"756",987,"Beijing",NA
"757",987,"Guangdong",3.065420561
"758",987,"Guangxi",2.554054054
"759",987,"Guizhou",NA
"760",987,"Hunan",NA
"761",988,"Beijing",NA
"762",988,"Guangdong",3.065420561
"763",988,"Guangxi",2.554054054
"764",988,"Guizhou",NA
"765",988,"Hunan",NA
"766",989,"Beijing",NA
"767",989,"Guangdong",NA
"768",989,"Guangxi",NA
"769",989,"Guizhou",NA
"770",989,"Hunan",NA
"771",990,"Beijing",NA
"772",990,"Guangdong",NA
"773",990,"Guangxi",NA
"774",990,"Guizhou",NA
"775",990,"Hunan",NA
"776",991,"Beijing",NA
"777",991,"Guangdong",NA
"778",991,"Guangxi",NA
"779",991,"Guizhou",NA
"780",991,"Hunan",NA
"781",992,"Beijing",NA
"782",992,"Guangdong",NA
"783",992,"Guangxi",NA
"784",992,"Guizhou",NA
"785",992,"Hunan",NA
"786",993,"Beijing",NA
"787",993,"Guangdong",NA
"788",993,"Guangxi",NA
"789",993,"Guizhou",NA
"790",993,"Hunan",NA
"791",994,"Beijing",NA
"792",994,"Guangdong",NA
"793",994,"Guangxi",NA
"794",994,"Guizhou",NA
"795",994,"Hunan",NA
"796",995,"Beijing",NA
"797",995,"Guangdong",NA
"798",995,"Guangxi",NA
"799",995,"Guizhou",NA
"800",995,"Hunan",NA
"801",996,"Beijing",NA
"802",996,"Guangdong",NA
"803",996,"Guangxi",NA
"804",996,"Guizhou",NA
"805",996,"Hunan",NA
"806",997,"Beijing",NA
"807",997,"Guangdong",NA
"808",997,"Guangxi",NA
"809",997,"Guizhou",NA
"810",997,"Hunan",NA
"811",998,"Beijing",NA
"812",998,"Guangdong",NA
"813",998,"Guangxi",NA
"814",998,"Guizhou",NA
"815",998,"Hunan",NA
"816",999,"Beijing",NA
"817",999,"Guangdong",NA
"818",999,"Guangxi",NA
"819",999,"Guizhou",NA
"820",999,"Hunan",NA
"821",1000,"Beijing",NA
"822",1000,"Guangdong",NA
"823",1000,"Guangxi",NA
"824",1000,"Guizhou",NA
"825",1000,"Hunan",NA
"826",1001,"Beijing",NA
"827",1001,"Guangdong",1.831775701
"828",1001,"Guangxi",NA
"829",1001,"Guizhou",NA
"830",1001,"Hunan",NA
"831",1002,"Beijing",NA
"832",1002,"Guangdong",1.831775701
"833",1002,"Guangxi",NA
"834",1002,"Guizhou",NA
"835",1002,"Hunan",NA
"836",1003,"Beijing",NA
"837",1003,"Guangdong",2.184245661
"838",1003,"Guangxi",NA
"839",1003,"Guizhou",NA
"840",1003,"Hunan",NA
"841",1004,"Beijing",NA
"842",1004,"Guangdong",3.065420561
"843",1004,"Guangxi",NA
"844",1004,"Guizhou",NA
"845",1004,"Hunan",NA
"846",1005,"Beijing",NA
"847",1005,"Guangdong",3.065420561
"848",1005,"Guangxi",NA
"849",1005,"Guizhou",NA
"850",1005,"Hunan",NA
"851",1006,"Beijing",NA
"852",1006,"Guangdong",4.037383178
"853",1006,"Guangxi",1.797297297
"854",1006,"Guizhou",NA
"855",1006,"Hunan",NA
"856",1007,"Beijing",NA
"857",1007,"Guangdong",4.037383178
"858",1007,"Guangxi",1.797297297
"859",1007,"Guizhou",NA
"860",1007,"Hunan",NA
"861",1008,"Beijing",NA
"862",1008,"Guangdong",4.58210947914286
"863",1008,"Guangxi",5.85135135128571
"864",1008,"Guizhou",NA
"865",1008,"Hunan",NA
"866",1009,"Beijing",NA
"867",1009,"Guangdong",4.672897196
"868",1009,"Guangxi",6.527027027
"869",1009,"Guizhou",NA
"870",1009,"Hunan",NA
"871",1010,"Beijing",NA
"872",1010,"Guangdong",5.04672897171429
"873",1010,"Guangxi",3.41891891914286
"874",1010,"Guizhou",4.13
"875",1010,"Hunan",0.78
"876",1011,"Beijing",NA
"877",1011,"Guangdong",5.196261682
"878",1011,"Guangxi",2.175675676
"879",1011,"Guizhou",4.13
"880",1011,"Hunan",0.78
"881",1012,"Beijing",NA
"882",1012,"Guangdong",6.54205607457143
"883",1012,"Guangxi",5.85135135142857
"884",1012,"Guizhou",4.13
"885",1012,"Hunan",0.78
"886",1013,"Beijing",NA
"887",1013,"Guangdong",7.551401869
"888",1013,"Guangxi",8.608108108
"889",1013,"Guizhou",4.13
"890",1013,"Hunan",0.78
"891",1014,"Beijing",1.06
"892",1014,"Guangdong",7.391188251
"893",1014,"Guangxi",7.33783783771429
"894",1014,"Guizhou",4.50714285714286
"895",1014,"Hunan",2.01714285714286
"896",1015,"Beijing",1.06
"897",1015,"Guangdong",6.990654206
"898",1015,"Guangxi",4.162162162
"899",1015,"Guizhou",5.45
"900",1015,"Hunan",5.11
"901",1016,"Beijing",1.06
"902",1016,"Guangdong",7.070761015
"903",1016,"Guangxi",5.41891891885714
"904",1016,"Guizhou",5.45
"905",1016,"Hunan",5.11
"906",1017,"Beijing",1.06
"907",1017,"Guangdong",7.551401869
"908",1017,"Guangxi",12.95945946
"909",1017,"Guizhou",5.45
"910",1017,"Hunan",5.11
"911",1018,"Beijing",1.06
"912",1018,"Guangdong",7.551401869
"913",1018,"Guangxi",12.95945946
"914",1018,"Guizhou",5.45
"915",1018,"Hunan",5.11
"916",1019,"Beijing",3.05
"917",1019,"Guangdong",6.990654206
"918",1019,"Guangxi",3.972972973
"919",1019,"Guizhou",8.11
"920",1019,"Hunan",6.04
"921",1020,"Beijing",3.05
"922",1020,"Guangdong",6.990654206
"923",1020,"Guangxi",3.972972973
"924",1020,"Guizhou",8.11
"925",1020,"Hunan",6.04
"926",1021,"Beijing",3.05
"927",1021,"Guangdong",7.31108144171429
"928",1021,"Guangxi",7.70270270242857
"929",1021,"Guizhou",8.11
"930",1021,"Hunan",6.04
"931",1022,"Beijing",3.05
"932",1022,"Guangdong",7.364485981
"933",1022,"Guangxi",8.324324324
"934",1022,"Guizhou",8.11
"935",1022,"Hunan",6.04
"936",1023,"Beijing",6.62142857142857
"937",1023,"Guangdong",7.19359145528571
"938",1023,"Guangxi",7.45945945942857
"939",1023,"Guizhou",9.23571428571429
"940",1023,"Hunan",6.05142857142857
"941",1024,"Beijing",9.3
"942",1024,"Guangdong",7.065420561
"943",1024,"Guangxi",6.810810811
"944",1024,"Guizhou",10.08
"945",1024,"Hunan",6.06
"946",1025,"Beijing",9.3
"947",1025,"Guangdong",6.72897196285714
"948",1025,"Guangxi",6.93243243271429
"949",1025,"Guizhou",10.08
"950",1025,"Hunan",6.06
"951",1026,"Beijing",9.3
"952",1026,"Guangdong",6.280373832
"953",1026,"Guangxi",7.094594595
"954",1026,"Guizhou",10.08
"955",1026,"Hunan",6.06
"956",1027,"Beijing",8.13714285714286
"957",1027,"Guangdong",6.23230974657143
"958",1027,"Guangxi",6.702702703
"959",1027,"Guizhou",9.76285714285714
"960",1027,"Hunan",5.83571428571429
"961",1028,"Beijing",1.16
"962",1028,"Guangdong",5.943925234
"963",1028,"Guangxi",4.351351351
"964",1028,"Guizhou",7.86
"965",1028,"Hunan",4.49
"966",1029,"Beijing",1.16
"967",1029,"Guangdong",5.943925234
"968",1029,"Guangxi",4.351351351
"969",1029,"Guizhou",7.86
"970",1029,"Hunan",4.49
"971",1030,"Beijing",1.16
"972",1030,"Guangdong",5.906542056
"973",1030,"Guangxi",16.83783784
"974",1030,"Guizhou",7.86
"975",1030,"Hunan",4.49
"976",1031,"Beijing",1.16
"977",1031,"Guangdong",5.906542056
"978",1031,"Guangxi",16.83783784
"979",1031,"Guizhou",7.86
"980",1031,"Hunan",4.49
"981",1032,"Beijing",1.16
"982",1032,"Guangdong",5.32977303085714
"983",1032,"Guangxi",5.24324324371429
"984",1032,"Guizhou",4.84285714285714
"985",1032,"Hunan",1.99571428571429
"986",1033,"Beijing",NA
"987",1033,"Guangdong",5.23364486
"988",1033,"Guangxi",3.310810811
"989",1033,"Guizhou",4.34
"990",1033,"Hunan",1.58
"991",1034,"Beijing",NA
"992",1034,"Guangdong",4.85981308428571
"993",1034,"Guangxi",2.83783783814286
"994",1034,"Guizhou",4.34
"995",1034,"Hunan",1.58
"996",1035,"Beijing",NA
"997",1035,"Guangdong",4.710280374
"998",1035,"Guangxi",2.648648649
"999",1035,"Guizhou",4.34
"1000",1035,"Hunan",1.58
"1001",1036,"Beijing",NA
"1002",1036,"Guangdong",4.27770360471429
"1003",1036,"Guangxi",2.44594594628571
"1004",1036,"Guizhou",4.34
"1005",1036,"Hunan",1.58
"1006",1037,"Beijing",NA
"1007",1037,"Guangdong",3.700934579
"1008",1037,"Guangxi",2.175675676
"1009",1037,"Guizhou",NA
"1010",1037,"Hunan",NA
"1011",1038,"Beijing",NA
"1012",1038,"Guangdong",3.41255006642857
"1013",1038,"Guangxi",2.14864864885714
"1014",1038,"Guizhou",NA
"1015",1038,"Hunan",NA
"1016",1039,"Beijing",NA
"1017",1039,"Guangdong",2.691588785
"1018",1039,"Guangxi",2.081081081
"1019",1039,"Guizhou",NA
"1020",1039,"Hunan",NA
"1021",1040,"Beijing",NA
"1022",1040,"Guangdong",2.691588785
"1023",1040,"Guangxi",2.081081081
"1024",1040,"Guizhou",NA
"1025",1040,"Hunan",NA
"1026",1041,"Beijing",NA
"1027",1041,"Guangdong",NA
"1028",1041,"Guangxi",NA
"1029",1041,"Guizhou",NA
"1030",1041,"Hunan",NA
"1031",1042,"Beijing",NA
"1032",1042,"Guangdong",NA
"1033",1042,"Guangxi",NA
"1034",1042,"Guizhou",NA
"1035",1042,"Hunan",NA
"1036",1043,"Beijing",NA
"1037",1043,"Guangdong",NA
"1038",1043,"Guangxi",NA
"1039",1043,"Guizhou",NA
"1040",1043,"Hunan",NA
"1041",1044,"Beijing",NA
"1042",1044,"Guangdong",NA
"1043",1044,"Guangxi",NA
"1044",1044,"Guizhou",NA
"1045",1044,"Hunan",NA
"1046",1045,"Beijing",NA
"1047",1045,"Guangdong",NA
"1048",1045,"Guangxi",NA
"1049",1045,"Guizhou",NA
"1050",1045,"Hunan",NA
